sequenceID,count,mean_diff,max_diff,sum_diff,mean,autocorr,abs_skewness,unique_count,kurtosis,variance,std_deviation,max_value,range_value,iqr,percentile_75,median,percentile_50,percentile_25,min_value,min_diff
CTCF_TDH_ENCODE/samples/GM12878/GM12878_CTCF_Sg__Broad_/problems/chr10:18024675-38818835,1315316,1.0990910922478645,610,1445651,28.857262437315445,0.9998796612916924,7.68551681894038,1561,73.55257539463861,8958.144945196664,94.64747722573836,1801,1801,10.0,16.0,10.0,10.0,6.0,0,1
CTCF_TDH_ENCODE/samples/GM12878/GM12878_CTCF_Sg__Broad_/problems/chr1:17175658-29878082,1020524,1.2598109008812148,463,1285666,59.610733309554696,0.9999411620540176,4.826681428284248,1805,26.909971742679392,27187.853057323115,164.88739508319946,1885,1885,16.0,23.0,13.0,13.0,7.0,0,1
CTCF_TDH_ENCODE/samples/GM12878/GM12878_CTCF_Sg__Broad_/problems/chr2:16329724-21153113,317443,1.1199746725386055,31,355527,33.96994106028484,0.9999262010197048,6.57390503442958,1324,50.611739191691726,11878.299200730831,108.98761030837784,1457,1457,11.0,17.0,10.0,10.0,6.0,0,1
CTCF_TDH_ENCODE/samples/GM12878/GM12878_CTCF_Sg__Broad_/problems/chr3:60000-66170270,4437373,1.1202556377964257,102,4970991,33.81610132842112,0.9999268629613736,7.459551192903588,2219,72.69995301351072,12382.131984559044,111.27502857586262,2502,2502,12.0,18.0,10.0,10.0,6.0,0,1
CTCF_TDH_ENCODE/samples/GM12878/GM12878_CTCF_Sg__Broad_/problems/chr4:52660117-59739333,432647,1.0887839018504737,38,471058,26.88371813510784,0.9998984525093644,7.267273635833956,1195,61.55351907939736,7712.281599030292,87.81959689630949,1256,1256,11.0,16.0,10.0,10.0,5.0,0,1
CTCF_TDH_ENCODE/samples/GM12878/GM12878_CTCF_Sg__Broad_/problems/chr4:75452279-190000000,6951009,1.0681017774688215,312,7424384,23.27563854398692,0.9998628699686466,8.249004433050162,1628,86.59128277025106,5353.227475596911,73.16575343421887,1812,1812,10.0,15.0,10.0,10.0,5.0,0,1
CTCF_TDH_ENCODE/samples/GM12878/GM12878_CTCF_Sg__Broad_/problems/chr5:100000-17500000,1032938,1.0807909872528527,454,1116389,25.3490616087316,0.9998788108211274,8.182672984505523,1446,84.58318296644178,7230.587703904223,85.03286249388658,1796,1796,10.0,15.0,9.0,9.0,5.0,0,1
CTCF_TDH_ENCODE/samples/GM12878/GM12878_CTCF_Sg__Stanford_/problems/chr10:18024675-38818835,942513,1.5082789396845877,2680,1421571,63.309065233052486,0.9998532713729226,7.914811114139027,3850,77.74591606133176,78527.93542361296,280.2283629892109,5326,5326,10.0,14.0,7.0,7.0,4.0,0,1
CTCF_TDH_ENCODE/samples/GM12878/GM12878_CTCF_Sg__Stanford_/problems/chr1:17175658-29878082,768615,2.250643365850739,1449,1729876,146.28034711786785,0.9999280727019516,5.146013531476706,4796,30.33139042479133,237240.20689172525,487.0731022051261,5357,5357,29.0,34.0,11.0,11.0,5.0,0,1
CTCF_TDH_ENCODE/samples/GM12878/GM12878_CTCF_Sg__Stanford_/problems/chr2:16329724-21153113,227521,1.6793952180028129,63,382096,83.11147542424655,0.9999416067628504,6.865277321112342,3308,53.19323642396776,125864.1961122218,354.7734433581829,4235,4235,11.0,15.0,8.0,8.0,4.0,0,1
CTCF_TDH_ENCODE/samples/GM12878/GM12878_CTCF_Sg__Stanford_/problems/chr3:60000-66170270,3205064,1.664628433200845,1882,5335239,81.79262410984617,0.9999322950036996,8.128861599086163,5501,93.84353262959648,123758.44578391968,351.79318609649005,9793,9793,12.0,16.0,8.0,8.0,4.0,0,1
CTCF_TDH_ENCODE/samples/GM12878/GM12878_CTCF_Sg__Stanford_/problems/chr4:52660117-59739333,301008,1.509121050341022,205,454256,63.17913477382661,0.9999384999385256,7.453950885561293,2988,66.56818137986517,78436.33277478955,280.0648724399216,4478,4478,9.0,13.0,7.0,7.0,4.0,0,1
CTCF_TDH_ENCODE/samples/GM12878/GM12878_CTCF_Sg__Stanford_/problems/chr4:75452279-190000000,4817065,1.413508311286709,1326,6808960,53.31167588562745,0.999927506639975,7.855285984804288,3973,81.40596792019252,53443.20401206076,231.1778622880244,6934,6934,8.0,12.0,7.0,7.0,4.0,0,1
CTCF_TDH_ENCODE/samples/GM12878/GM12878_CTCF_Sg__Stanford_/problems/chr5:100000-17500000,765083,1.4283789188609848,865,1092827,55.42364423206371,0.9999256328501496,9.33254613905047,3498,118.20620356966074,65664.97255351457,256.2517757080223,5953,5953,9.0,13.0,7.0,7.0,4.0,0,1
CTCF_TDH_ENCODE/samples/GM12878/GM12878_CTCF_Sg__UTA_/problems/chr10:18024675-38818835,1404872,1.3073485038839865,901,1836656,40.958090132054735,0.999897504367604,10.126290922807415,3331,128.1379407511898,36149.00907017207,190.1289274944033,4599,4599,13.0,18.0,10.0,10.0,5.0,0,1
CTCF_TDH_ENCODE/samples/GM12878/GM12878_CTCF_Sg__UTA_/problems/chr1:17175658-29878082,1192409,1.763377132659291,1476,2102665,88.31901973232338,0.9999158446547703,6.414410534319544,4018,47.765771965491496,108647.28256349606,329.61687238898446,4819,4819,21.0,28.0,14.0,14.0,7.0,0,1
CTCF_TDH_ENCODE/samples/GM12878/GM12878_CTCF_Sg__UTA_/problems/chr2:16329724-21153113,350942,1.4080400979081953,56,494139,52.03252674231069,0.999924318540633,8.600690090320647,2870,85.97946672471112,54531.153021602535,233.5190635078912,3572,3572,14.0,19.0,10.0,10.0,5.0,0,1
CTCF_TDH_ENCODE/samples/GM12878/GM12878_CTCF_Sg__UTA_/problems/chr3:60000-66170270,4940156,1.4153515426135417,1107,6992056,52.53808989027877,0.9999219786176357,9.405544199782709,4589,113.8354973970348,57531.03407091304,239.8562779476765,6786,6786,15.0,20.0,10.0,10.0,5.0,0,1
CTCF_TDH_ENCODE/samples/GM12878/GM12878_CTCF_Sg__UTA_/problems/chr4:52660117-59739333,467178,1.317344389813711,56,615433,41.54272461460086,0.9999177982938554,9.107474975592543,2660,97.25044502757062,36982.395780016814,192.3080751815088,3228,3228,12.0,17.0,10.0,10.0,5.0,0,1
CTCF_TDH_ENCODE/samples/GM12878/GM12878_CTCF_Sg__UTA_/problems/chr4:75452279-190000000,7438283,1.2523514166308831,647,9315343,35.479381330341965,0.9999057936584608,9.935599073169929,3525,122.86358062044054,24955.278111698124,157.97239667643876,4020,4020,12.0,17.0,9.0,9.0,5.0,0,1
CTCF_TDH_ENCODE/samples/GM12878/GM12878_CTCF_Sg__UTA_/problems/chr5:100000-17500000,1110734,1.2782486880285362,777,1419793,38.46773935073564,0.9999045911214254,9.996150843746944,2986,126.10218924712076,30805.698985989577,175.51552349005937,4248,4248,13.0,17.0,9.0,9.0,4.0,0,1
CTCF_TDH_ENCODE/samples/GM12878/GM12878_CTCF_Sg__UW_/problems/chr10:18024675-38818835,1672712,1.1838512450746124,1170,1980241,32.22313285251735,0.9998684233713796,11.818244604440086,2802,186.78109431746933,17922.250232893373,133.87400880265508,3865,3865,15.0,21.0,11.0,11.0,6.0,0,1
CTCF_TDH_ENCODE/samples/GM12878/GM12878_CTCF_Sg__UW_/problems/chr1:17175658-29878082,1330364,1.471657735520305,1035,1957839,66.78749274634612,0.9999236053540173,6.672053704598869,3059,51.88146663301541,55719.80785683415,236.05043498547963,3458,3458,21.0,28.0,14.0,14.0,7.0,0,1
CTCF_TDH_ENCODE/samples/GM12878/GM12878_CTCF_Sg__UW_/problems/chr2:16329724-21153113,409016,1.2288742466657705,40,502628,38.85757769867193,0.9999247721927568,9.710528773647036,2308,114.17217757173243,25969.78543253487,161.15143633407328,3299,3299,15.0,21.0,12.0,12.0,6.0,0,1
CTCF_TDH_ENCODE/samples/GM12878/GM12878_CTCF_Sg__UW_/problems/chr3:60000-66170270,5616937,1.2282623480132229,662,6899071,38.44123122620033,0.9999193431311544,10.602638809986944,3744,150.97659897264418,25218.212122843564,158.80243109865657,5009,5009,16.0,22.0,12.0,12.0,6.0,0,1
CTCF_TDH_ENCODE/samples/GM12878/GM12878_CTCF_Sg__UW_/problems/chr4:52660117-59739333,542451,1.173413217808093,80,636518,30.69091217455586,0.999904477343988,10.582111188028094,2090,135.7055220984988,15762.455826959014,125.54861937496172,2577,2577,15.0,20.0,11.0,11.0,5.0,0,1
CTCF_TDH_ENCODE/samples/GM12878/GM12878_CTCF_Sg__UW_/problems/chr4:75452279-190000000,8404113,1.1294071283200415,723,9491664,26.241706174107843,0.9998706307481006,11.357294500210203,2665,169.12722891215515,9457.532461541652,97.24984556050283,3030,3030,14.0,19.0,10.0,10.0,5.0,0,1
CTCF_TDH_ENCODE/samples/GM12878/GM12878_CTCF_Sg__UW_/problems/chr5:100000-17500000,1406785,1.1484989877621583,616,1615690,29.225790010555983,0.9998918561402486,11.293347954777277,2423,156.93028293645594,13876.838755398034,117.79999471730902,2776,2776,15.0,20.0,11.0,11.0,5.0,0,1
CTCF_TDH_ENCODE/samples/H1hESC/H1-hESC_CTCF_Sg__Broad_/problems/chr10:18024675-38818835,1260515,1.2056058084241823,257,1519683,41.566868303828194,0.9999206690906468,7.039756001920624,2140,65.23312989213167,17822.783348489284,133.50199754494045,2504,2504,15.0,20.0,10.0,10.0,5.0,0,1
CTCF_TDH_ENCODE/samples/H1hESC/H1-hESC_CTCF_Sg__Broad_/problems/chr1:17175658-29878082,1121719,1.513259125733919,771,1697450,83.60840281746141,0.9999200983789064,4.936434784570669,2699,29.39386038035285,55043.72896798432,234.6139999402941,3290,3290,26.0,33.0,15.0,15.0,7.0,0,1
CTCF_TDH_ENCODE/samples/H1hESC/H1-hESC_CTCF_Sg__Broad_/problems/chr2:16329724-21153113,308638,1.2848815922912675,26,396562,52.43278857431684,0.9999389932143636,5.858464693762495,1761,40.86268288328476,26917.72460055529,164.06622016903813,2067,2067,16.0,21.0,11.0,11.0,5.0,0,1
CTCF_TDH_ENCODE/samples/H1hESC/H1-hESC_CTCF_Sg__Broad_/problems/chr3:60000-66170270,4426539,1.273202669896881,352,5635880,50.89399935254157,0.99993811640542,6.951789661386044,2875,62.73807892038329,28186.077017462227,167.88709604213847,3798,3798,16.0,22.0,11.0,11.0,6.0,0,1
CTCF_TDH_ENCODE/samples/H1hESC/H1-hESC_CTCF_Sg__Broad_/problems/chr4:52660117-59739333,416909,1.189247987565602,69,495807,37.756815036374846,0.9999205406087974,6.905245976847693,1612,56.62305672472581,15890.550332205055,126.05772619004776,1771,1771,14.0,19.0,10.0,10.0,5.0,0,1
CTCF_TDH_ENCODE/samples/H1hESC/H1-hESC_CTCF_Sg__Broad_/problems/chr4:75452279-190000000,6226014,1.158650648496879,627,7213774,33.97689292057486,0.9999020353759884,7.759106903077741,2365,91.23773591204947,11823.587120860951,108.73631923539142,3497,3497,13.0,18.0,9.0,9.0,5.0,0,1
CTCF_TDH_ENCODE/samples/H1hESC/H1-hESC_CTCF_Sg__Broad_/problems/chr5:100000-17500000,1159136,1.2110228748161345,724,1403739,42.87201501808244,0.9998937292940728,6.646193367799609,1935,54.62072956024889,17742.300764683314,133.2002280954628,2159,2159,15.0,21.0,11.0,11.0,6.0,0,1
CTCF_TDH_ENCODE/samples/H1hESC/H1-hESC_CTCF_Sg__HudsonAlpha_/problems/chr10:18024675-38818835,1556302,1.0949115884395113,906,1704012,21.91620585207756,0.9997145725012976,14.276491910990318,1564,371.8188199406445,4446.06826405734,66.67884420157071,3131,3131,12.0,18.0,11.0,11.0,6.0,0,1
CTCF_TDH_ENCODE/samples/H1hESC/H1-hESC_CTCF_Sg__HudsonAlpha_/problems/chr1:17175658-29878082,1379325,1.260250673518332,512,1738294,43.676518586990014,0.9998943476327816,15.97699892146665,2650,427.3115686127508,23580.75816295816,153.56027534150283,6307,6307,16.0,25.0,16.0,16.0,9.0,0,1
CTCF_TDH_ENCODE/samples/H1hESC/H1-hESC_CTCF_Sg__HudsonAlpha_/problems/chr2:16329724-21153113,365090,1.1886307174415005,109,433956,32.81931030704758,0.9999218892973372,30.455570153365105,1587,1205.2387307879449,33224.798034080166,182.27670732729447,8426,8426,13.0,19.0,11.0,11.0,6.0,0,1
CTCF_TDH_ENCODE/samples/H1hESC/H1-hESC_CTCF_Sg__HudsonAlpha_/problems/chr3:60000-66170270,5332944,1.1505045150491953,274,6135575,29.02254270811769,0.9999053413650572,28.07596522054163,4123,1232.3597238498448,17212.40731065957,131.19606438708277,9068,9068,14.0,20.0,12.0,12.0,6.0,0,1
CTCF_TDH_ENCODE/samples/H1hESC/H1-hESC_CTCF_Sg__HudsonAlpha_/problems/chr4:52660117-59739333,517005,1.094736210938407,55,565983,21.751687121014303,0.9998102772016656,12.114085985896551,1265,201.7704368583453,4782.749390897397,69.1574246982737,1812,1812,12.0,18.0,11.0,11.0,6.0,0,1
CTCF_TDH_ENCODE/samples/H1hESC/H1-hESC_CTCF_Sg__HudsonAlpha_/problems/chr4:75452279-190000000,7417407,1.0875268254157855,350,8066628,20.247143240218584,0.9998275270053152,31.13647369427607,2805,1781.9219029328738,5639.708060836279,75.0979897256663,6283,6283,12.0,17.0,10.0,10.0,5.0,0,1
CTCF_TDH_ENCODE/samples/H1hESC/H1-hESC_CTCF_Sg__HudsonAlpha_/problems/chr5:100000-17500000,1387538,1.1011591042256892,406,1527899,23.816598896750936,0.9997844008905288,11.955195738662145,1621,226.31661969469445,5180.683406739743,71.97696441737276,2663,2663,13.0,19.0,12.0,12.0,6.0,0,1
CTCF_TDH_ENCODE/samples/HeLaS3/HeLa-S3_CTCF_Sg__Broad_/problems/chr10:18024675-38818835,1095856,1.0789557012560969,71,1182379,27.914898490312595,0.9998846868469862,6.417353360162658,1225,52.68985673286359,6247.177211712404,79.03908660727554,1268,1268,11.0,16.0,9.0,9.0,5.0,0,1
CTCF_TDH_ENCODE/samples/HeLaS3/HeLa-S3_CTCF_Sg__Broad_/problems/chr1:17175658-29878082,1105770,1.2169178191828491,458,1345630,58.46326993859483,0.999939268455188,4.633278377929248,1691,25.27546442655011,22570.210290303185,150.2338520117992,1759,1759,18.0,26.0,14.0,14.0,8.0,0,1
CTCF_TDH_ENCODE/samples/HeLaS3/HeLa-S3_CTCF_Sg__Broad_/problems/chr2:16329724-21153113,308398,1.088418499531448,44,335665,31.987700957853164,0.9999188503237564,7.009894568824897,1266,58.89633852686509,9376.201902573084,96.83079005447122,1389,1389,13.0,19.0,11.0,11.0,6.0,0,1
CTCF_TDH_ENCODE/samples/HeLaS3/HeLa-S3_CTCF_Sg__Broad_/problems/chr3:60000-66170270,4380718,1.1088607184622974,275,4857605,35.84643133842443,0.9999279138898132,6.830704121888067,1955,59.81529972795066,11663.97341373379,107.99987691536408,2310,2310,14.0,20.0,11.0,11.0,6.0,0,1
CTCF_TDH_ENCODE/samples/HeLaS3/HeLa-S3_CTCF_Sg__Broad_/problems/chr4:52660117-59739333,312647,1.0597448871887054,45,331325,22.01808749164393,0.9998408076625556,6.38853822280076,753,46.73041173757181,4223.996464751733,64.99228003964573,753,753,10.0,14.0,8.0,8.0,4.0,0,1
CTCF_TDH_ENCODE/samples/HeLaS3/HeLa-S3_CTCF_Sg__Broad_/problems/chr4:75452279-190000000,4542666,1.0427511163601102,241,4736869,19.15282325400987,0.999777470901234,7.0161038367805375,1131,65.42914963022204,2847.342649729584,53.36049709035312,1167,1167,9.0,13.0,7.0,7.0,4.0,0,1
CTCF_TDH_ENCODE/samples/HeLaS3/HeLa-S3_CTCF_Sg__Broad_/problems/chr5:100000-17500000,1886062,1.1217298910268545,392,2115651,42.502644663855165,0.999941343237338,10.205898598879182,2673,136.0863077394568,20342.272324191035,142.6263381153391,4073,4073,18.0,30.0,19.0,19.0,12.0,0,1
CTCF_TDH_ENCODE/samples/HeLaS3/HeLa-S3_CTCF_Sg__UTA_/problems/chr10:18024675-38818835,1140124,1.4590346830999814,1643,1663479,49.95350067185674,0.9998394422580916,8.489632161738161,3189,94.31926011975276,42432.59957148354,205.99174636738127,4904,4904,14.0,18.0,9.0,9.0,4.0,0,1
CTCF_TDH_ENCODE/samples/HeLaS3/HeLa-S3_CTCF_Sg__UTA_/problems/chr1:17175658-29878082,1116190,2.116894181899302,1997,2362854,107.54038111791004,0.9998811498833295,6.066875393518783,4519,43.97133271673356,150297.99352386413,387.68285172788353,6298,6298,24.0,30.0,13.0,13.0,6.0,0,1
CTCF_TDH_ENCODE/samples/HeLaS3/HeLa-S3_CTCF_Sg__UTA_/problems/chr2:16329724-21153113,310109,1.5385639841603571,75,477121,57.65961645743916,0.9999079262557354,9.04121892366178,2929,98.93453094642146,69440.22962401858,263.5151411665345,4433,4433,15.0,20.0,10.0,10.0,5.0,0,1
CTCF_TDH_ENCODE/samples/HeLaS3/HeLa-S3_CTCF_Sg__UTA_/problems/chr3:60000-66170270,4561249,1.6494069167034986,947,7523354,67.10723948637752,0.999908626045775,8.713535045637745,5421,97.13636324256262,89114.42412511012,298.5203914728609,8040,8040,16.0,21.0,11.0,11.0,5.0,0,1
CTCF_TDH_ENCODE/samples/HeLaS3/HeLa-S3_CTCF_Sg__UTA_/problems/chr4:52660117-59739333,304339,1.4075863020720385,38,428382,44.20257344605851,0.9998958468616737,7.543041103353939,2186,66.28578272396558,33395.98123850205,182.7456736519419,2456,2456,11.0,15.0,8.0,8.0,4.0,0,1
CTCF_TDH_ENCODE/samples/HeLaS3/HeLa-S3_CTCF_Sg__UTA_/problems/chr4:75452279-190000000,5337874,1.3512382179193847,1452,7212738,39.83200839884943,0.9998736183363844,7.969076512174404,2886,77.96496606702772,25750.32944406471,160.46909186527077,3124,3124,12.0,16.0,8.0,8.0,4.0,0,1
CTCF_TDH_ENCODE/samples/HeLaS3/HeLa-S3_CTCF_Sg__UTA_/problems/chr5:100000-17500000,1769180,1.5805336825725378,2402,2796247,63.52110638827027,0.9998914441285808,12.561938110424853,6438,197.17838743123124,136051.82679369327,368.8520391616309,11391,11391,18.0,25.0,13.0,13.0,7.0,0,1
CTCF_TDH_ENCODE/samples/HeLaS3/HeLa-S3_CTCF_Sg__UW_/problems/chr10:18024675-38818835,1185679,1.2413690732222409,1474,1471864,37.28663913251394,0.9998000871940566,9.271902664654853,2309,116.46277457993692,16157.803392192274,127.11334859955612,2982,2982,19.0,24.0,12.0,12.0,5.0,0,1
CTCF_TDH_ENCODE/samples/HeLaS3/HeLa-S3_CTCF_Sg__UW_/problems/chr1:17175658-29878082,1341337,1.6721149659742227,1052,2242868,86.32117432084554,0.9999201450359348,6.44952930344914,3682,51.21574058263222,85878.61856799528,293.0505392726573,5251,5251,28.0,36.0,17.0,17.0,8.0,0,1
CTCF_TDH_ENCODE/samples/HeLaS3/HeLa-S3_CTCF_Sg__UW_/problems/chr2:16329724-21153113,374921,1.264819161421103,107,474206,42.36372462465426,0.9999198756029956,9.750975327827062,2210,121.34850298029544,25950.3949514708,161.09126280301734,3595,3595,20.0,26.0,13.0,13.0,6.0,0,1
CTCF_TDH_ENCODE/samples/HeLaS3/HeLa-S3_CTCF_Sg__UW_/problems/chr3:60000-66170270,5299630,1.324007397498957,776,7016748,48.76325781233784,0.9999234282654038,9.788088407110418,4126,128.57381073507327,35532.57029686241,188.5008495918849,5605,5605,22.0,28.0,14.0,14.0,6.0,0,1
CTCF_TDH_ENCODE/samples/HeLaS3/HeLa-S3_CTCF_Sg__UW_/problems/chr4:52660117-59739333,373873,1.2157101895836009,89,454520,33.843107151358886,0.9998881191414252,8.922612971938486,1756,97.7948578732424,14195.075940170284,119.14309019062031,2059,2059,17.0,22.0,11.0,11.0,5.0,0,1
CTCF_TDH_ENCODE/samples/HeLaS3/HeLa-S3_CTCF_Sg__UW_/problems/chr4:75452279-190000000,5716893,1.161096973670309,862,6637866,28.941910229909848,0.9998283660136644,8.96869807617542,2012,107.32588443638458,7671.336507049197,87.58616618535828,2237,2237,17.0,22.0,11.0,11.0,5.0,0,1
CTCF_TDH_ENCODE/samples/HeLaS3/HeLa-S3_CTCF_Sg__UW_/problems/chr5:100000-17500000,2362889,1.2653350476196925,913,2989845,46.484624119033946,0.9999256191052812,14.019810337126552,4636,248.26266463591008,43206.19336397995,207.8609952924789,6556,6556,24.0,33.0,18.0,18.0,9.0,0,1
CTCF_TDH_ENCODE/samples/HepG2/HepG2_CTCF_Sg__Broad_/problems/chr10:18024675-38818835,1310966,1.1615947031385276,1035,1522810,38.19314535998645,0.9998712110058472,7.320464569070064,1961,69.31414764188403,14955.28445073544,122.29180042314955,2528,2528,15.0,21.0,12.0,12.0,6.0,0,1
CTCF_TDH_ENCODE/samples/HepG2/HepG2_CTCF_Sg__Broad_/problems/chr1:17175658-29878082,963342,1.3951632910879948,355,1344018,75.96666085357018,0.999939078795534,4.672716696737313,2254,27.4869948145578,37641.42665039689,194.0139857082393,2735,2735,28.0,35.0,14.0,14.0,7.0,0,1
CTCF_TDH_ENCODE/samples/HepG2/HepG2_CTCF_Sg__Broad_/problems/chr2:16329724-21153113,446481,1.2879412291703995,46,575040,60.45171463063378,0.9999514936569418,6.656792486706276,2396,53.15162722265831,39463.35324300444,198.65385282698256,2744,2744,20.0,28.0,15.0,15.0,8.0,0,1
CTCF_TDH_ENCODE/samples/HepG2/HepG2_CTCF_Sg__Broad_/problems/chr3:60000-66170270,4061357,1.2032983565095008,346,4887023,44.997903656339496,0.9999340005078222,6.794287641870001,2595,61.50296787235969,19819.59020400121,140.7820663436974,2915,2915,17.0,22.0,11.0,11.0,5.0,0,1
CTCF_TDH_ENCODE/samples/HepG2/HepG2_CTCF_Sg__Broad_/problems/chr4:52660117-59739333,392476,1.1380724886935474,78,446665,33.45213210489304,0.9999122894206496,6.974594426074229,1413,58.12996275162681,11829.684122610946,108.76435134091936,1524,1524,14.0,19.0,10.0,10.0,5.0,0,1
CTCF_TDH_ENCODE/samples/HepG2/HepG2_CTCF_Sg__Broad_/problems/chr4:75452279-190000000,6313213,1.108672415879587,269,6999284,29.417045963758863,0.999892533133558,7.805640927829244,2111,85.29100689079975,8316.969230355768,91.19741898955128,2671,2671,13.0,18.0,10.0,10.0,5.0,0,1
CTCF_TDH_ENCODE/samples/HepG2/HepG2_CTCF_Sg__Broad_/problems/chr5:100000-17500000,951171,1.1534047541448953,675,1097084,35.80632399431858,0.9998809603120916,7.357603873757642,1726,72.83035701730529,13312.361655475104,115.37920807266404,2517,2517,14.0,19.0,10.0,10.0,5.0,0,1
CTCF_TDH_ENCODE/samples/HepG2/HepG2_CTCF_Sg__HudsonAlpha_/problems/chr10:18024675-38818835,1509347,1.1725972706059449,2067,1769855,26.91040893843497,0.999760162832925,17.00550850346337,2179,552.551280959379,13365.209710648567,115.6080002017532,6182,6182,11.0,16.0,9.0,9.0,5.0,0,1
CTCF_TDH_ENCODE/samples/HepG2/HepG2_CTCF_Sg__HudsonAlpha_/problems/chr1:17175658-29878082,1120251,1.4592948002677977,804,1634775,56.289904673149145,0.9999040818568838,13.931509322753866,2837,410.0538069848543,45701.74285300254,213.77965958669347,9915,9915,15.0,21.0,11.0,11.0,6.0,0,1
CTCF_TDH_ENCODE/samples/HepG2/HepG2_CTCF_Sg__HudsonAlpha_/problems/chr2:16329724-21153113,492685,1.4489916457607717,272,713895,56.08439469437876,0.9999290492203452,34.66037526475467,3173,1582.3062684712504,177291.2076293547,421.0596247912577,22556,22556,14.0,22.0,14.0,14.0,8.0,0,1
CTCF_TDH_ENCODE/samples/HepG2/HepG2_CTCF_Sg__HudsonAlpha_/problems/chr3:60000-66170270,4827082,1.263015267404877,327,6096677,35.76638432908329,0.999917713592612,26.376791105732863,4899,1143.4828460001218,39201.89764081341,197.99469094097805,13186,13186,11.0,16.0,9.0,9.0,5.0,0,1
CTCF_TDH_ENCODE/samples/HepG2/HepG2_CTCF_Sg__HudsonAlpha_/problems/chr4:52660117-59739333,463141,1.1866217558405665,103,549572,26.954229921341447,0.9998969627415664,17.748798412695425,1716,450.89686391116095,18320.80479112381,135.35436746231653,4537,4537,11.0,15.0,9.0,9.0,4.0,0,1
CTCF_TDH_ENCODE/samples/HepG2/HepG2_CTCF_Sg__HudsonAlpha_/problems/chr4:75452279-190000000,7282732,1.1479939324959276,456,8360531,23.68348320383065,0.9998892033631198,38.30226461454978,3617,3128.0473194744977,14673.872936957923,121.13576241951806,14671,14671,10.0,14.0,8.0,8.0,4.0,0,1
CTCF_TDH_ENCODE/samples/HepG2/HepG2_CTCF_Sg__HudsonAlpha_/problems/chr5:100000-17500000,1091028,1.1585771937816387,758,1264039,24.80114717495793,0.9998321471573108,15.73165408653281,1913,445.6463874242437,11116.341536683012,105.43406250677724,4872,4872,10.0,14.0,8.0,8.0,4.0,0,1
CTCF_TDH_ENCODE/samples/HepG2/HepG2_CTCF_Sg__UTA_/problems/chr10:18024675-38818835,1603465,1.3675430193630789,1813,2192806,45.84041310536868,0.9998199464019588,9.3406805601568,3084,107.34381696762108,31597.05473021883,177.75560393478128,4142,4142,20.0,27.0,15.0,15.0,7.0,0,1
CTCF_TDH_ENCODE/samples/HepG2/HepG2_CTCF_Sg__UTA_/problems/chr1:17175658-29878082,1314007,1.6403699830898792,1073,2155456,71.50090144116432,0.999874747540581,6.225017698249436,2914,45.72083451285207,52560.27184229782,229.26027096358808,3552,3552,27.0,36.0,18.0,18.0,9.0,0,1
CTCF_TDH_ENCODE/samples/HepG2/HepG2_CTCF_Sg__UTA_/problems/chr2:16329724-21153113,561159,1.5204701706114856,104,853224,62.77393572944567,0.9999079629906216,8.998552659529814,3492,96.78106982563196,66359.34279221889,257.6030721715463,4795,4795,25.0,34.0,18.0,18.0,9.0,0,1
CTCF_TDH_ENCODE/samples/HepG2/HepG2_CTCF_Sg__UTA_/problems/chr3:60000-66170270,5099149,1.4143558884739176,912,7212010,50.390538107437145,0.9998881295566968,8.536841415068645,3650,95.50011886890536,35178.19313648737,187.5585059027912,5368,5368,20.0,27.0,14.0,14.0,7.0,0,1
CTCF_TDH_ENCODE/samples/HepG2/HepG2_CTCF_Sg__UTA_/problems/chr4:52660117-59739333,478010,1.3327740691074854,158,637078,42.10899981171942,0.999877377364674,8.310039868950378,2161,79.62515694586067,24383.17793306167,156.15113811004284,2493,2493,19.0,26.0,13.0,13.0,7.0,0,1
CTCF_TDH_ENCODE/samples/HepG2/HepG2_CTCF_Sg__UTA_/problems/chr4:75452279-190000000,6955618,1.329810137619711,1118,9249650,41.25479878279687,0.999865276798418,8.878110987697335,3163,96.63357946819345,23987.661934201788,154.87950779299948,3763,3763,18.0,25.0,13.0,13.0,7.0,0,1
CTCF_TDH_ENCODE/samples/HepG2/HepG2_CTCF_Sg__UTA_/problems/chr5:100000-17500000,1165704,1.31833751821862,1408,1536790,40.872884540157706,0.9998046622203242,8.17800208523004,2194,81.47398998347266,20606.03406281377,143.54802005884224,3139,3139,18.0,25.0,13.0,13.0,7.0,0,1
CTCF_TDH_ENCODE/samples/HepG2/HepG2_CTCF_Sg__UW_/problems/chr10:18024675-38818835,1657124,1.2048471960138143,1402,1996580,35.45658140247803,0.9998101581323224,10.08478865905191,2456,135.38698044382164,14920.596689826409,122.14989435045128,3361,3361,20.0,26.0,13.0,13.0,6.0,0,1
CTCF_TDH_ENCODE/samples/HepG2/HepG2_CTCF_Sg__UW_/problems/chr1:17175658-29878082,1332721,1.478778738219581,672,1970798,67.46118880095683,0.9999053346678816,6.095310303784131,2645,46.56755835312988,40995.98067169356,202.4746420460932,3821,3821,27.0,35.0,17.0,17.0,8.0,0,1
CTCF_TDH_ENCODE/samples/HepG2/HepG2_CTCF_Sg__UW_/problems/chr2:16329724-21153113,534410,1.3325467946834728,104,712125,53.35437585374525,0.9999259254536352,9.19077589093504,2817,104.774149474208,39211.07488930235,198.01786507611465,3764,3764,24.0,32.0,16.0,16.0,8.0,0,1
CTCF_TDH_ENCODE/samples/HepG2/HepG2_CTCF_Sg__UW_/problems/chr3:60000-66170270,5264739,1.2538633451465202,568,6601262,41.986352979701365,0.9999048425148588,9.030056008311542,3172,110.41380710108088,20851.55343493548,144.40066978700438,4278,4278,20.0,26.0,13.0,13.0,6.0,0,1
CTCF_TDH_ENCODE/samples/HepG2/HepG2_CTCF_Sg__UW_/problems/chr4:52660117-59739333,498519,1.1954513177056796,142,595954,33.28264519506779,0.999879638663003,9.304282319995558,1840,103.925591920841,13617.671150269967,116.69477773349573,2051,2051,19.0,24.0,12.0,12.0,5.0,0,1
CTCF_TDH_ENCODE/samples/HepG2/HepG2_CTCF_Sg__UW_/problems/chr4:75452279-190000000,7672554,1.1477287937926268,576,8806010,28.90631594121071,0.9998399485284626,10.23789536792924,2392,153.58134105025505,8139.54329969829,90.21941753136234,3741,3741,18.0,23.0,12.0,12.0,5.0,0,1
CTCF_TDH_ENCODE/samples/HepG2/HepG2_CTCF_Sg__UW_/problems/chr5:100000-17500000,1295990,1.190249299955478,618,1542550,34.13366846966412,0.9998578110552404,9.16333104772137,2111,105.52319047330992,13399.843323798788,115.75769228780776,2336,2336,19.0,24.0,12.0,12.0,5.0,0,1
CTCF_TDH_ENCODE/samples/HMEC/HMEC_CTCF_Sg__Broad_/problems/chr10:18024675-38818835,1540382,1.1010263045311517,171,1696000,28.771306078622057,0.9998820392888764,8.440715960653726,1613,90.27209892599222,7703.711691398726,87.77079065041357,1874,1874,15.0,21.0,12.0,12.0,6.0,0,1
CTCF_TDH_ENCODE/samples/HMEC/HMEC_CTCF_Sg__Broad_/problems/chr1:17175658-29878082,1009568,1.2617290382906732,356,1273800,50.99637369647216,0.9999196280168956,5.203424338534537,1666,32.142364188003114,20109.98826995716,141.80969032459367,2176,2176,18.0,25.0,13.0,13.0,7.0,0,1
CTCF_TDH_ENCODE/samples/HMEC/HMEC_CTCF_Sg__Broad_/problems/chr2:16329724-21153113,374557,1.1304744817864352,52,423426,33.22955384627707,0.9999004482292252,6.4744092917523695,1151,47.68836090247099,9493.426543171649,97.43421649077725,1176,1176,16.0,22.0,12.0,12.0,6.0,0,1
CTCF_TDH_ENCODE/samples/HMEC/HMEC_CTCF_Sg__Broad_/problems/chr3:60000-66170270,4965439,1.1167582799342173,192,5545194,30.869440144164493,0.9998931861358256,7.486129146664319,1730,68.51560863307762,8756.551918721125,93.57644959454876,1813,1813,15.0,21.0,12.0,12.0,6.0,0,1
CTCF_TDH_ENCODE/samples/HMEC/HMEC_CTCF_Sg__Broad_/problems/chr4:52660117-59739333,509377,1.093545828621686,58,557026,26.709439177662123,0.9998637973522128,7.352665262652533,1074,62.13822470661785,6115.152495196073,78.19944050436725,1137,1137,14.0,20.0,12.0,12.0,6.0,0,1
CTCF_TDH_ENCODE/samples/HMEC/HMEC_CTCF_Sg__Broad_/problems/chr4:75452279-190000000,8521917,1.0745693808763193,465,9157390,24.61676099403456,0.9998337343584796,8.438769325542816,1500,88.78153282083453,4772.103585947869,69.08041390978971,1640,1640,14.0,20.0,12.0,12.0,6.0,0,1
CTCF_TDH_ENCODE/samples/HMEC/HMEC_CTCF_Sg__Broad_/problems/chr5:100000-17500000,1185488,1.0791995188475283,424,1279377,24.37874023187076,0.999829998592148,8.354356703442539,1294,86.77352902934864,5169.690099491359,71.90055701794917,1562,1562,14.0,19.0,11.0,11.0,5.0,0,1
CTCF_TDH_ENCODE/samples/HMEC/HMEC_CTCF_Sg__UW_/problems/chr10:18024675-38818835,1367552,1.4786044542397323,2369,2022067,57.43113753626919,0.9998750681537952,10.551589412914996,4541,151.6695186258196,76718.0371327856,276.9802107241339,8397,8397,14.0,19.0,11.0,11.0,5.0,0,1
CTCF_TDH_ENCODE/samples/HMEC/HMEC_CTCF_Sg__UW_/problems/chr1:17175658-29878082,1123371,2.090445712454489,1388,2348344,119.74069118750616,0.9999219703892914,6.121356668544729,4976,43.76067961590674,194114.5152005374,440.5842884177072,6733,6733,25.0,32.0,14.0,14.0,7.0,0,1
CTCF_TDH_ENCODE/samples/HMEC/HMEC_CTCF_Sg__UW_/problems/chr2:16329724-21153113,354345,1.641331587384011,55,581596,75.06007422145085,0.9999324217534,7.391175181787983,3456,63.93219344459668,101251.31480393416,318.200117542301,4866,4866,17.0,22.0,11.0,11.0,5.0,0,1
CTCF_TDH_ENCODE/samples/HMEC/HMEC_CTCF_Sg__UW_/problems/chr3:60000-66170270,4583432,1.5821750125615506,1420,7251790,69.26443045298807,0.9999281574306856,8.997891652474012,5802,104.18636318079136,98881.10243580694,314.453657055864,8342,8342,16.0,21.0,11.0,11.0,5.0,0,1
CTCF_TDH_ENCODE/samples/HMEC/HMEC_CTCF_Sg__UW_/problems/chr4:52660117-59739333,457064,1.4782010357434314,107,675631,57.42855048745909,0.999928845057426,9.200528205028876,3444,102.14859504083896,73960.73094068505,271.9572226301134,5036,5036,14.0,19.0,10.0,10.0,5.0,0,1
CTCF_TDH_ENCODE/samples/HMEC/HMEC_CTCF_Sg__UW_/problems/chr4:75452279-190000000,7100379,1.3591620051777524,2960,9650564,46.33948497678786,0.9999012607047074,9.58432558954581,4492,117.4450461432634,43058.31121450969,207.5049667225093,5699,5699,13.0,18.0,10.0,10.0,5.0,0,1
CTCF_TDH_ENCODE/samples/HMEC/HMEC_CTCF_Sg__UW_/problems/chr5:100000-17500000,1097110,1.4025516151995836,1454,1538752,50.95258542899071,0.9999013446471192,9.604899765131258,3785,116.42024286252986,55526.59738452974,235.6408228311252,4911,4911,14.0,19.0,10.0,10.0,5.0,0,1
CTCF_TDH_ENCODE/samples/HUVEC/HUVEC_CTCF_Sg__Broad_/problems/chr10:18024675-38818835,1281216,1.2187205113895794,113,1561443,46.85704674309406,0.999946772155102,7.7906955625743874,2609,75.07432723909758,27648.83090403116,166.27937606339265,3163,3163,19.0,25.0,13.0,13.0,6.0,0,1
CTCF_TDH_ENCODE/samples/HUVEC/HUVEC_CTCF_Sg__Broad_/problems/chr1:17175658-29878082,1076647,1.5003269412601727,590,1615321,94.2412879987591,0.9999562454387186,4.882662801383894,2858,27.72680569302232,73483.29036510673,271.078015274398,3702,3702,30.0,38.0,17.0,17.0,8.0,0,1
CTCF_TDH_ENCODE/samples/HUVEC/HUVEC_CTCF_Sg__Broad_/problems/chr2:16329724-21153113,301968,1.2987213834624314,38,392171,60.73532625973613,0.9999570778995632,6.106981752023919,2190,42.47722684594708,42606.92322855618,206.4144453001199,2564,2564,20.0,26.0,13.0,13.0,6.0,0,1
CTCF_TDH_ENCODE/samples/HUVEC/HUVEC_CTCF_Sg__Broad_/problems/chr3:60000-66170270,4254846,1.2674097411304055,88,5392632,55.83022652288708,0.9999548874429792,7.0092825996033135,3185,61.00228421210076,37235.88688954456,192.9660252208781,3919,3919,20.0,26.0,13.0,13.0,6.0,0,1
CTCF_TDH_ENCODE/samples/HUVEC/HUVEC_CTCF_Sg__Broad_/problems/chr4:52660117-59739333,420625,1.220405873178896,63,513332,46.552038038632986,0.9999492889824552,7.528453961431333,2168,67.86697104814348,28575.101535133177,169.04171536970742,2809,2809,18.0,24.0,12.0,12.0,6.0,0,1
CTCF_TDH_ENCODE/samples/HUVEC/HUVEC_CTCF_Sg__Broad_/problems/chr4:75452279-190000000,6493664,1.1575787040380752,524,7516926,36.746126069966046,0.9999274888068108,8.769475366829553,2832,113.94173217308705,15812.508018053815,125.7477952810856,4537,4537,17.0,22.0,12.0,12.0,5.0,0,1
CTCF_TDH_ENCODE/samples/HUVEC/HUVEC_CTCF_Sg__Broad_/problems/chr5:100000-17500000,992771,1.179799953664998,800,1171270,40.66599648861621,0.9999260148548312,8.06177183785058,2267,81.95327060848398,20922.82766026572,144.6472525154409,2893,2893,18.0,23.0,12.0,12.0,5.0,0,1
CTCF_TDH_ENCODE/samples/HUVEC/HUVEC_CTCF_Sg__UTA_/problems/chr10:18024675-38818835,1556480,1.3441022975575,1070,2092067,44.99644903885691,0.9999006720821214,9.468501638850476,3558,108.01570997510576,43669.70275324695,208.97297134616943,4470,4470,14.0,20.0,11.0,11.0,6.0,0,1
CTCF_TDH_ENCODE/samples/HUVEC/HUVEC_CTCF_Sg__UTA_/problems/chr1:17175658-29878082,930157,1.692587049914208,1106,1574370,78.31659171516206,0.9998953496647658,5.866477432984089,3170,40.52699067198466,73494.62062218714,271.09891298599325,3863,3863,19.0,25.0,13.0,13.0,6.0,0,1
CTCF_TDH_ENCODE/samples/HUVEC/HUVEC_CTCF_Sg__UTA_/problems/chr2:16329724-21153113,345562,1.4446190397643253,46,499204,54.570080043523305,0.9999237921726332,7.865185064117306,2800,72.32668177231255,55804.53759201412,236.2298406044717,3404,3404,15.0,20.0,11.0,11.0,5.0,0,1
CTCF_TDH_ENCODE/samples/HUVEC/HUVEC_CTCF_Sg__UTA_/problems/chr3:60000-66170270,4958050,1.4035085171606816,983,6958664,50.523652242313005,0.9999170559633808,8.913521936062184,4381,101.61364828281523,51421.681268810346,226.7634919223338,6586,6586,14.0,20.0,11.0,11.0,6.0,0,1
CTCF_TDH_ENCODE/samples/HUVEC/HUVEC_CTCF_Sg__UTA_/problems/chr4:52660117-59739333,532865,1.3334321703098726,85,710538,44.11524494947125,0.9999190693208804,8.918611728598023,2811,92.39823538518868,40775.69869818369,201.929935121526,3573,3573,14.0,20.0,11.0,11.0,6.0,0,1
CTCF_TDH_ENCODE/samples/HUVEC/HUVEC_CTCF_Sg__UTA_/problems/chr4:75452279-190000000,9156749,1.3119775710765438,908,12013448,41.82971794902318,0.9999158811444032,10.034576219268466,4373,119.8616933882193,41558.64600647216,203.85937801943808,4804,4804,14.0,20.0,12.0,12.0,6.0,0,1
CTCF_TDH_ENCODE/samples/HUVEC/HUVEC_CTCF_Sg__UTA_/problems/chr5:100000-17500000,1078435,1.2935960846931756,235,1395058,39.27835150009041,0.9999147036668566,10.282742800156054,3237,130.17309281430897,35607.81517229439,188.7003316698049,4459,4459,13.0,18.0,10.0,10.0,5.0,0,1
CTCF_TDH_ENCODE/samples/HUVEC/HUVEC_CTCF_Sg__UW_/problems/chr10:18024675-38818835,1169517,1.578519661124773,4016,1846104,71.35524237783632,0.999835688001715,10.330053828069754,4978,138.4239935659146,101702.77002582367,318.90871738763065,8181,8181,25.0,32.0,15.0,15.0,7.0,0,1
CTCF_TDH_ENCODE/samples/HUVEC/HUVEC_CTCF_Sg__UW_/problems/chr1:17175658-29878082,1072176,2.358001259122811,1385,2528190,155.64550689439048,0.9999342478561816,6.184631655909126,6162,45.8147760414329,309231.4480286954,556.0858279336882,9454,9454,41.0,50.0,21.0,21.0,9.0,0,1
CTCF_TDH_ENCODE/samples/HUVEC/HUVEC_CTCF_Sg__UW_/problems/chr2:16329724-21153113,296865,1.7923291473536704,79,532078,95.93152106176208,0.9999434549664158,8.042833166888965,3982,77.02531298574581,163723.81737453616,404.6279987526026,6228,6228,27.0,34.0,16.0,16.0,7.0,0,1
CTCF_TDH_ENCODE/samples/HUVEC/HUVEC_CTCF_Sg__UW_/problems/chr3:60000-66170270,4012351,1.758798210525004,1880,7056914,92.1507445385511,0.9999392743066912,9.192568546253868,7056,111.7911885757721,159561.0398037643,399.4509228976249,11145,11145,28.0,35.0,16.0,16.0,7.0,0,1
CTCF_TDH_ENCODE/samples/HUVEC/HUVEC_CTCF_Sg__UW_/problems/chr4:52660117-59739333,394144,1.625445587007761,96,640658,76.77531562068685,0.9999396890698926,8.932161350919802,3888,95.07025888216886,115211.86835877429,339.4287382629442,5539,5539,24.0,31.0,15.0,15.0,7.0,0,1
CTCF_TDH_ENCODE/samples/HUVEC/HUVEC_CTCF_Sg__UW_/problems/chr4:75452279-190000000,5786520,1.4321857406845118,1166,8287370,56.874061957791554,0.9999250101224152,9.950516869986677,5096,134.43961055633764,52969.76390966129,230.15161070403417,6839,6839,23.0,29.0,14.0,14.0,6.0,0,1
CTCF_TDH_ENCODE/samples/HUVEC/HUVEC_CTCF_Sg__UW_/problems/chr5:100000-17500000,952534,1.5233320000461927,1370,1451024,65.94648065055945,0.9999238171089312,10.1335026120804,4446,131.51061933481452,88560.05455620174,297.5904140865457,6749,6749,23.0,29.0,15.0,15.0,6.0,0,1
CTCF_TDH_ENCODE/samples/Input/MS009101/problems/chr10:18024675-38818835,1493233,1.0452280690475426,18,1560768,5.721067643160846,0.95932834113745,6.518740730459754,113,121.12970810424338,14.135144753109904,3.7596734902262328,112,112,5.0,8.0,5.0,5.0,3.0,0,1
CTCF_TDH_ENCODE/samples/Input/MS009101/problems/chr1:17175658-29878082,478130,1.037088317169634,9,495862,4.433520172338067,0.9410808229955506,0.959609484639701,33,1.4267925199119644,9.50977636249124,3.083792529093233,32,32,4.0,6.0,4.0,4.0,2.0,0,1
CTCF_TDH_ENCODE/samples/Input/MS009101/problems/chr2:16329724-21153113,344925,1.04385313866243,17,360050,5.654666956584765,0.9383273493055942,0.5715329582564039,24,0.2900930469725531,9.275662824865222,3.0455972854048223,23,23,5.0,8.0,5.0,5.0,3.0,0,1
CTCF_TDH_ENCODE/samples/Input/MS009101/problems/chr3:60000-66170270,4617407,1.044339180916731,17,4822138,5.63352093501829,0.9381727996844564,0.5889311587385911,47,0.4886713446849993,9.262969315111723,3.04351266058016,48,48,5.0,8.0,5.0,5.0,3.0,0,1
CTCF_TDH_ENCODE/samples/Input/MS009101/problems/chr4:52660117-59739333,542912,1.0449981672870876,13,567341,5.74647456678062,0.9371282978857416,0.5715816886753322,25,0.354055450797277,9.136648761347727,3.022688995141201,24,24,4.0,8.0,5.0,5.0,4.0,0,1
CTCF_TDH_ENCODE/samples/Input/MS009101/problems/chr4:75452279-190000000,9976819,1.048662810126435,14,10462318,6.219153620006537,0.9397238571306736,1.5041784249813586,142,34.99875754697265,9.642752289343434,3.105278133975028,143,143,4.0,8.0,6.0,6.0,4.0,0,1
CTCF_TDH_ENCODE/samples/Input/MS009101/problems/chr5:100000-17500000,1087251,1.0436164635548402,14,1134672,5.356170746221434,0.9349449017413038,0.5865926538454032,41,0.4899837472806854,8.81243700584133,2.9685749116101703,40,40,4.0,7.0,5.0,5.0,3.0,0,1
CTCF_TDH_ENCODE/samples/Input/MS010302/problems/chr10:18024675-38818835,1079361,1.040676882597095,12,1123265,3.8466824352556745,0.9131852175811838,2.655721598852222,61,29.772529069109048,6.506765801986807,2.550836294627079,61,61,3.0,5.0,3.0,3.0,2.0,0,1
CTCF_TDH_ENCODE/samples/Input/MS010302/problems/chr1:17175658-29878082,508076,1.035073561974118,11,525895,3.274102693297853,0.8879468864231248,1.0319133143053674,22,1.7557297682249071,4.966343791908836,2.2285295133582674,21,21,3.0,5.0,3.0,3.0,2.0,0,1
CTCF_TDH_ENCODE/samples/Input/MS010302/problems/chr2:16329724-21153113,248195,1.0388567008066272,10,257838,3.808481234513185,0.8966171500199659,0.786907980503901,19,0.7286581572998201,5.441674276280143,2.33273965034252,18,18,3.0,5.0,3.0,3.0,2.0,0,1
CTCF_TDH_ENCODE/samples/Input/MS010302/problems/chr3:60000-66170270,3463264,1.0397327606941775,14,3600868,3.861312334260397,0.9000766528413842,0.8613894256810308,52,1.615347186108957,5.6389823732448034,2.374654158660752,51,51,3.0,5.0,4.0,4.0,2.0,0,1
CTCF_TDH_ENCODE/samples/Input/MS010302/problems/chr4:52660117-59739333,385962,1.040861641461184,11,401732,3.979518709095714,0.9152058621901142,1.7792764761018207,46,10.726133423082777,6.676680853025433,2.5839274086215025,45,45,3.0,5.0,4.0,4.0,2.0,0,1
CTCF_TDH_ENCODE/samples/Input/MS010302/problems/chr4:75452279-190000000,6802245,1.0422738437492098,15,7089801,4.186630002300711,0.9082083529616712,1.8277928093960911,101,37.18789229285321,6.190088368206264,2.487988819952024,101,101,4.0,6.0,4.0,4.0,2.0,0,1
CTCF_TDH_ENCODE/samples/Input/MS010302/problems/chr5:100000-17500000,811689,1.0393858231241562,9,843657,3.5864869426590724,0.8910128639264208,0.8663497702509371,26,1.0986059359850873,5.168625943411652,2.273461225403163,25,25,3.0,5.0,3.0,3.0,2.0,0,1
CTCF_TDH_ENCODE/samples/Input/MS012702/problems/chr10:18024675-38818835,1635664,1.051672624495388,15,1720182,5.970841811032095,0.9547401156629236,3.549353674582948,85,49.905932689832966,12.919527701590026,3.594374452055604,84,84,4.0,8.0,6.0,6.0,4.0,0,1
CTCF_TDH_ENCODE/samples/Input/MS012702/problems/chr1:17175658-29878082,565625,1.0427704623566183,19,589816,4.803433370165746,0.9486398979415366,1.0269388745944958,39,1.8669043312217912,11.103201118046655,3.3321466231315,38,38,5.0,7.0,4.0,4.0,2.0,0,1
CTCF_TDH_ENCODE/samples/Input/MS012702/problems/chr2:16329724-21153113,375236,1.0512185696963237,11,394454,5.887441503480476,0.9423531788041508,0.6431472938406599,30,0.525242359540254,10.1403702718849,3.184394804650469,29,29,4.0,8.0,6.0,6.0,4.0,0,1
CTCF_TDH_ENCODE/samples/Input/MS012702/problems/chr3:60000-66170270,5180467,1.052024856451138,15,5449979,6.022895426223157,0.943803974907048,0.6281383036571466,48,0.642643622139714,10.412122188287473,3.2267820174730537,48,48,4.0,8.0,6.0,6.0,4.0,0,1
CTCF_TDH_ENCODE/samples/Input/MS012702/problems/chr4:52660117-59739333,607031,1.0549182083257829,12,640367,6.305781747554902,0.9608127315683064,3.3295188445014845,81,32.210709805289504,15.099344346171131,3.885787480829482,80,80,4.0,8.0,6.0,6.0,4.0,0,1
CTCF_TDH_ENCODE/samples/Input/MS012702/problems/chr4:75452279-190000000,11088699,1.057229442085987,16,11723298,6.702708947190288,0.9444258524626884,0.9325481566928452,111,11.354499364209268,10.710132355179637,3.272633855960614,112,112,5.0,9.0,6.0,6.0,4.0,0,1
CTCF_TDH_ENCODE/samples/Input/MS012702/problems/chr5:100000-17500000,1164143,1.0489261619286994,12,1221099,5.450239360628377,0.9365519224804124,0.6830223284812399,46,1.128290797403849,9.153094757948262,3.025408196912982,45,45,4.0,7.0,5.0,5.0,3.0,0,1
CTCF_TDH_ENCODE/samples/Input/MS026601/problems/chr10:18024675-38818835,1002164,1.040221001972733,9,1042471,3.480737683652576,0.8821374861773542,1.8024345076545687,39,14.238227804524309,4.78074163534634,2.1864907123851087,38,38,3.0,5.0,3.0,3.0,2.0,0,1
CTCF_TDH_ENCODE/samples/Input/MS026601/problems/chr1:17175658-29878082,513592,1.0366575738282018,8,532418,3.0942148631598623,0.8563305260850388,0.879268796426802,22,1.3246385414909994,3.881082904720909,1.970046421971043,21,21,2.0,4.0,3.0,3.0,2.0,0,1
CTCF_TDH_ENCODE/samples/Input/MS026601/problems/chr2:16329724-21153113,230054,1.038630228686433,6,238940,3.439175150182132,0.8681817040334947,0.7704661315359767,18,0.8319696050039078,4.253933328159904,2.0625065643919545,17,17,3.0,5.0,3.0,3.0,2.0,0,1
CTCF_TDH_ENCODE/samples/Input/MS026601/problems/chr3:60000-66170270,3139822,1.0398204228839798,9,3264850,3.436356583271281,0.8682550130290667,0.7804575910983343,26,0.9243348350445162,4.273070798178529,2.067140730133904,25,25,3.0,5.0,3.0,3.0,2.0,0,1
CTCF_TDH_ENCODE/samples/Input/MS026601/problems/chr4:52660117-59739333,344569,1.0402881289034385,7,358450,3.488462397952224,0.8686745531410449,0.74038444105111,17,0.7087009791629613,4.292302506212279,2.071787273397604,16,16,3.0,5.0,3.0,3.0,2.0,0,1
CTCF_TDH_ENCODE/samples/Input/MS026601/problems/chr4:75452279-190000000,5766124,1.04158409385301,11,6005902,3.572283218328291,0.8716385414718282,0.742614364977271,24,0.7601484836263941,4.4103331437721645,2.100079318447797,23,23,3.0,5.0,3.0,3.0,2.0,0,1
CTCF_TDH_ENCODE/samples/Input/MS026601/problems/chr5:100000-17500000,802423,1.0403453544394343,9,834796,3.4029470740494725,0.8687065075333612,0.8433425843619983,25,1.370492516133989,4.294953547890934,2.072426970460222,24,24,3.0,5.0,3.0,3.0,2.0,0,1
CTCF_TDH_ENCODE/samples/Input/MS026701/problems/chr10:18024675-38818835,763969,1.1860090998575856,14,906073,4.016292545901732,0.9057967669541316,1.4666965177188718,43,5.121706825691796,8.799071960617724,2.9663229697080733,42,42,4.0,6.0,3.0,3.0,2.0,0,1
CTCF_TDH_ENCODE/samples/Input/MS026701/problems/chr1:17175658-29878082,238861,1.1421585866197772,11,272816,3.1190441302682315,0.8883556371769114,1.4457721118026177,28,3.329353758249457,6.68447331358331,2.5854348403282783,27,27,3.0,4.0,2.0,2.0,1.0,0,1
CTCF_TDH_ENCODE/samples/Input/MS026701/problems/chr2:16329724-21153113,166431,1.1811752688818122,9,196583,3.883987958973989,0.9006958904509377,1.2705549110186871,30,2.6049565152992447,8.253847176979468,2.872950952762589,29,29,3.0,5.0,3.0,3.0,2.0,0,1
CTCF_TDH_ENCODE/samples/Input/MS026701/problems/chr3:60000-66170270,2277497,1.1776249003291337,14,2682036,3.8855915068164735,0.8992857020922497,1.1965184562134903,37,2.1887927564038208,8.063691917475037,2.8396640501078707,36,36,3.0,5.0,3.0,3.0,2.0,0,1
CTCF_TDH_ENCODE/samples/Input/MS026701/problems/chr4:52660117-59739333,263408,1.184642017865888,10,312043,3.9216045070764745,0.897789284206207,1.229469505655352,29,2.408109948735191,8.099682367548173,2.8459940912707764,29,29,3.0,5.0,3.0,3.0,2.0,0,1
CTCF_TDH_ENCODE/samples/Input/MS026701/problems/chr4:75452279-190000000,5157136,1.202843827047382,17,6203228,4.4378195572116,0.907235751435024,1.1745970076289187,59,2.99983317867236,9.301138928829827,3.0497768654165225,58,58,4.0,6.0,4.0,4.0,2.0,0,1
CTCF_TDH_ENCODE/samples/Input/MS026701/problems/chr5:100000-17500000,553180,1.1788643458988863,15,652123,3.816074333851549,0.8973164405216782,1.2019556790416484,30,2.159915365427581,7.937135592435358,2.8172922447689657,30,30,3.0,5.0,3.0,3.0,2.0,0,1
CTCF_TDH_ENCODE/samples/K562/K562_CTCF_Sg__Broad_/problems/chr10:18024675-38818835,1205104,1.1610675602002485,80,1399206,43.57975660191983,0.9999457798324126,6.946162352018706,2100,61.63148165372704,19779.896560126108,140.64102019014973,2620,2620,16.0,21.0,11.0,11.0,5.0,0,1
CTCF_TDH_ENCODE/samples/K562/K562_CTCF_Sg__Broad_/problems/chr1:17175658-29878082,1481614,1.4632458003540736,656,2167964,102.5236849813784,0.9999640411655266,5.298130062727748,3471,33.7313065492793,87760.13097091863,296.24336443356606,4160,4160,32.0,42.0,19.0,19.0,10.0,0,1
CTCF_TDH_ENCODE/samples/K562/K562_CTCF_Sg__Broad_/problems/chr2:16329724-21153113,283211,1.1995692242505562,39,339730,52.48396425280092,0.9999551614175634,5.690954703634851,1730,37.66509570431592,26328.681145589875,162.2611510670064,1866,1866,17.0,22.0,11.0,11.0,5.0,0,1
CTCF_TDH_ENCODE/samples/K562/K562_CTCF_Sg__Broad_/problems/chr3:60000-66170270,4489187,1.2223155823795226,112,5487202,56.81986938837701,0.9999607341067918,7.746624765227247,3700,83.23488104432151,37013.23775667668,192.38824744946527,5074,5074,19.0,25.0,13.0,13.0,6.0,0,1
CTCF_TDH_ENCODE/samples/K562/K562_CTCF_Sg__Broad_/problems/chr4:52660117-59739333,389719,1.1548427324373007,36,450063,42.10135507891584,0.9999446968778528,6.830879817447875,1748,58.18681686262142,19061.04489253637,138.06174304468408,2218,2218,15.0,20.0,10.0,10.0,5.0,0,1
CTCF_TDH_ENCODE/samples/K562/K562_CTCF_Sg__Broad_/problems/chr4:75452279-190000000,5282993,1.106423784098102,562,5845228,32.220951456873024,0.999912971475935,7.5494808077088,2158,76.5329872251862,10605.34963261899,102.98227824542916,2382,2382,14.0,18.0,9.0,9.0,4.0,0,1
CTCF_TDH_ENCODE/samples/K562/K562_CTCF_Sg__Broad_/problems/chr5:100000-17500000,1123708,1.1716070114362551,553,1316543,45.60633278396167,0.9999356737665752,8.443577919094935,2489,103.04743493207955,26034.254985827847,161.35134020462257,4149,4149,16.0,22.0,12.0,12.0,6.0,0,1
CTCF_TDH_ENCODE/samples/K562/K562_CTCF_Sg__UTA_/problems/chr10:18024675-38818835,1349164,1.415935657885667,1553,1910328,49.60948631893528,0.9998702060850662,8.669265589573556,3414,92.28033695221828,46630.171970367126,215.9402046177764,4488,4488,13.0,18.0,10.0,10.0,5.0,0,1
CTCF_TDH_ENCODE/samples/K562/K562_CTCF_Sg__UTA_/problems/chr1:17175658-29878082,1425290,2.0607118977274084,2365,2937110,113.39471265496846,0.9999042886258964,6.386571950740767,5033,47.299225374318446,179350.7428892048,423.4982206446738,6573,6573,26.0,34.0,16.0,16.0,8.0,0,1
CTCF_TDH_ENCODE/samples/K562/K562_CTCF_Sg__UTA_/problems/chr2:16329724-21153113,315572,1.5176489601389227,44,478926,58.80344263749635,0.9999186459290252,7.542445438049435,2820,67.14824904386137,61804.08006394711,248.60426396976203,3543,3543,13.0,18.0,9.0,9.0,5.0,0,1
CTCF_TDH_ENCODE/samples/K562/K562_CTCF_Sg__UTA_/problems/chr3:60000-66170270,4952059,1.5442617998416013,1670,7647274,63.03160099667633,0.9999187159476236,9.88005514839017,5585,133.1884911426476,83761.06678954349,289.4150424382663,9576,9576,16.0,21.0,11.0,11.0,5.0,0,1
CTCF_TDH_ENCODE/samples/K562/K562_CTCF_Sg__UTA_/problems/chr4:52660117-59739333,450805,1.4129289003646817,67,636954,49.10958396646,0.9999144749392408,8.144613051279139,2764,77.81482206819518,45517.37818223506,213.34802127564964,3298,3298,12.0,17.0,9.0,9.0,5.0,0,1
CTCF_TDH_ENCODE/samples/K562/K562_CTCF_Sg__UTA_/problems/chr4:75452279-190000000,6613047,1.2992008523757432,1116,8591675,37.81727863116654,0.9998914415717576,9.243157704138609,3601,107.32296964402217,28080.289446384963,167.5717441765913,4165,4165,12.0,16.0,8.0,8.0,4.0,0,1
CTCF_TDH_ENCODE/samples/K562/K562_CTCF_Sg__UTA_/problems/chr5:100000-17500000,1245098,1.4279738847656047,1395,1777966,50.94153070681986,0.9998934210820308,9.268937767393664,3708,108.24288851814384,54297.14503070074,233.0174779511201,5293,5293,13.0,18.0,10.0,10.0,5.0,0,1
CTCF_TDH_ENCODE/samples/K562/K562_CTCF_Sg__UW_/problems/chr10:18024675-38818835,1592063,1.18469506840814,447,1886108,32.58574378023985,0.9998864979096432,10.358294279411243,2373,141.19358091569967,13588.420073143734,116.56937879710836,2877,2877,18.0,23.0,12.0,12.0,5.0,0,1
CTCF_TDH_ENCODE/samples/K562/K562_CTCF_Sg__UW_/problems/chr1:17175658-29878082,1673931,1.5333986486890132,721,2566802,78.75949904745178,0.9999379516155248,6.739881816675077,3541,53.93028033009266,72408.33846236524,269.0879753210188,4693,4693,28.0,37.0,18.0,18.0,9.0,0,1
CTCF_TDH_ENCODE/samples/K562/K562_CTCF_Sg__UW_/problems/chr2:16329724-21153113,376571,1.216613113099822,92,458140,37.95201170562789,0.9999186744759896,8.539847238475406,1929,88.63729683941904,18695.97274299809,136.73321740893135,2405,2405,19.0,24.0,12.0,12.0,5.0,0,1
CTCF_TDH_ENCODE/samples/K562/K562_CTCF_Sg__UW_/problems/chr3:60000-66170270,5945570,1.233492706921743,861,7333816,40.89206686659143,0.9999214696028992,10.749883567056212,3739,158.09698852137797,24028.75459320428,155.0121111178229,4978,4978,20.0,26.0,14.0,14.0,6.0,0,1
CTCF_TDH_ENCODE/samples/K562/K562_CTCF_Sg__UW_/problems/chr4:52660117-59739333,526374,1.1707667376556168,72,616260,30.91552394305189,0.9998903735343716,9.736452058084732,1804,116.46393632605935,11862.018613547882,108.91289461559582,2175,2175,18.0,23.0,11.0,11.0,5.0,0,1
CTCF_TDH_ENCODE/samples/K562/K562_CTCF_Sg__UW_/problems/chr4:75452279-190000000,7571206,1.120721734519142,411,8485214,24.74840890605803,0.9998291797499452,10.940859022301693,2218,166.7890230551136,6093.519570225376,78.06099903425125,2803,2803,16.0,21.0,10.0,10.0,5.0,0,1
CTCF_TDH_ENCODE/samples/K562/K562_CTCF_Sg__UW_/problems/chr5:100000-17500000,1632973,1.1856786276800826,536,1936180,35.17490797459603,0.9999086344575534,11.02740363605018,2734,150.74599984111796,17934.990123403324,133.92158199260984,3062,3062,19.0,25.0,13.0,13.0,6.0,0,1
