sequenceID,max_diff,mean_diff,autocorr,sum_diff,abs_skewness,kurtosis,count,mean,unique_count,percentile_75,variance,std_deviation,iqr,max_value,range_value,percentile_25,median,percentile_50,min_value,min_diff
ATAC_JV_adipose/samples/AC1/MSC77/problems/chr10:18024675-38818835,117,1.317353434,0.999361419,2182138,6.045983791,49.92495677,1656457,20.551014,843,12,2458.681185,49.58509035,8,871,871,4,7,7,0,1
ATAC_JV_adipose/samples/AC1/MSC77/problems/chr11:69774695-87688378,177,1.340291521,0.999491671,2217322,7.074759117,74.50159287,1654359,23.4260762,1068,14,3343.646392,57.82427165,9,1342,1342,5,8,8,0,1
ATAC_JV_adipose/samples/AC1/MSC77/problems/chr12:145739-7189876,156,1.419015121,0.999486207,1151921,5.101530714,37.19318166,811776,30.39898322,878,20,4195.683753,64.77409786,14,1218,1218,6,10,10,0,1
ATAC_JV_adipose/samples/AC1/MSC77/problems/chr14:19050000-107289540,303,1.316942331,0.999411615,9541155,7.056085525,70.36633289,7244931,20.83255769,1101,13,2781.435884,52.73932009,9,1140,1140,4,7,7,0,1
ATAC_JV_adipose/samples/AC1/MSC77/problems/chr16:46510000-88389383,167,1.347376676,0.999458711,5380804,6.150728354,52.54474115,3993542,23.76598143,1041,15,3137.131601,56.01010267,10,1102,1102,5,8,8,0,1
ATAC_JV_adipose/samples/AC1/MSC77/problems/chr1:206482221-223747846,113,1.325192966,0.999361207,1922040,6.344386588,61.61546559,1450386,21.24036429,942,13,2470.638143,49.70551421,9,1130,1130,4,7,7,0,1
ATAC_JV_adipose/samples/AC1/MSC77/problems/chr3:60000-66170270,191,1.310930862,0.99935841,7525805,6.424322459,58.94750772,5740811,20.13532478,1074,13,2370.589653,48.68870149,9,1252,1252,4,7,7,0,1
ATAC_JV_adipose/samples/AC1/MSC77/problems/chr4:75452279-190000000,622,1.254640083,0.999094062,9761953,7.095546635,68.43459607,7780681,15.08262464,791,10,1426.914713,37.77452465,6,829,829,4,6,6,0,1
ATAC_JV_adipose/samples/AC1/MSC77/problems/chrX:37148256-49242997,143,1.259042882,0.999059687,1241760,6.754591854,62.36282296,986274,15.83472646,599,11,1310.633516,36.20267278,7,666,666,4,7,7,0,1
ATAC_JV_adipose/samples/AC1/MSC80/problems/chr10:18024675-38818835,203,1.351920002,0.999103416,1327626,5.250515038,37.88626196,982031,17.91351393,649,10,1877.970278,43.33555444,8,671,671,2,4,4,0,1
ATAC_JV_adipose/samples/AC1/MSC80/problems/chr11:69774695-87688378,76,1.370454157,0.999311642,1307908,6.420349445,57.6506272,954362,19.34286151,849,11,2517.264257,50.17234554,8,1002,1002,3,5,5,0,1
ATAC_JV_adipose/samples/AC1/MSC80/problems/chr12:145739-7189876,303,1.465428769,0.999207092,651408,4.742039303,33.3117632,444518,25.63103856,720,19,3121.260724,55.86824433,16,944,944,3,6,6,0,1
ATAC_JV_adipose/samples/AC1/MSC80/problems/chr14:19050000-107289540,150,1.356608316,0.999313511,5775882,6.517213991,57.80475264,4257591,18.33031496,950,9,2517.975159,50.17942964,7,1001,1001,2,4,4,0,1
ATAC_JV_adipose/samples/AC1/MSC80/problems/chr16:46510000-88389383,144,1.393880175,0.999259922,3151216,5.320872998,37.83770996,2260752,20.64857667,763,12,2507.921016,50.07914752,9,823,823,3,5,5,0,1
ATAC_JV_adipose/samples/AC1/MSC80/problems/chr1:206482221-223747846,242,1.36783554,0.999130782,1186756,5.336568702,41.24615295,867617,18.96757901,708,11,1987.067894,44.57653973,9,732,732,2,5,5,0,1
ATAC_JV_adipose/samples/AC1/MSC80/problems/chr4:75452279-190000000,430,1.279329374,0.998882306,6059202,6.579100113,58.89709072,4736234,12.9042883,702,7,1201.497012,34.66261692,5,810,810,2,4,4,0,1
ATAC_JV_adipose/samples/AC1/MSC80/problems/chrX:37148256-49242997,74,1.302561976,0.998825549,700553,5.511190959,39.38332697,537828,13.75278528,455,8,1134.931501,33.68874443,6,462,462,2,4,4,0,1
ATAC_JV_adipose/samples/AC1/MSC83/problems/chr10:18024675-38818835,176,1.494865036,0.99936887,1622966,5.673803706,44.34298942,1085695,24.40205951,968,13,3859.6437,62.12603078,10,1017,1017,3,6,6,0,1
ATAC_JV_adipose/samples/AC1/MSC83/problems/chr11:69774695-87688378,114,1.534668248,0.999552269,1750438,7.010471263,67.1965234,1140598,28.7572291,1335,16,6359.074817,79.74380739,12,1473,1473,4,7,7,0,1
ATAC_JV_adipose/samples/AC1/MSC83/problems/chr12:145739-7189876,271,1.612564256,0.999495017,937640,5.863669775,50.47652675,581460,34.98393699,1203,23,7113.980762,84.34441749,19,1513,1513,4,8,8,0,1
ATAC_JV_adipose/samples/AC1/MSC83/problems/chr14:19050000-107289540,298,1.525386148,0.999553213,7488505,7.389880105,75.28736165,4909253,27.69733501,1638,14,6661.499616,81.61801037,11,1785,1785,3,6,6,0,1
ATAC_JV_adipose/samples/AC1/MSC83/problems/chr16:46510000-88389383,133,1.552702028,0.999520681,4377258,6.0120406,49.09154319,2819124,30.21526439,1299,17,6106.944912,78.14694436,13,1348,1348,4,7,7,0,1
ATAC_JV_adipose/samples/AC1/MSC83/problems/chr3:60000-66170270,221,1.505444347,0.999479657,5806818,6.720568562,66.98550662,3857213,25.92856708,1430,13,5044.976409,71.02799736,10,1830,1830,3,6,6,0,1
ATAC_JV_adipose/samples/AC1/MSC83/problems/chr4:75452279-190000000,630,1.419336487,0.999244462,6758649,6.947080916,67.33120895,4761838,18.3794077,1088,10,2699.599779,51.95767295,8,1214,1214,2,5,5,0,1
ATAC_JV_adipose/samples/AC1/MSC83/problems/chrX:37148256-49242997,93,1.4428168,0.999387308,919637,6.785716151,63.11459565,637391,21.04512772,930,11,3415.533523,58.44256602,8,1001,1001,3,5,5,0,1
ATAC_JV_adipose/samples/AC1/MSC91/problems/chr10:18024675-38818835,220,1.410651165,0.999452142,1551626,5.257014447,37.48616712,1099937,26.06703202,932,16,4086.532615,63.92599326,13,965,965,3,5,5,0,1
ATAC_JV_adipose/samples/AC1/MSC91/problems/chr11:69774695-87688378,105,1.437276626,0.999611171,1568786,6.538586648,57.93677976,1091500,29.23603023,1271,17,6345.361392,79.65777672,14,1468,1468,3,6,6,0,1
ATAC_JV_adipose/samples/AC1/MSC91/problems/chr12:145739-7189876,538,1.535450456,0.999475979,804596,4.795409514,31.03988176,524014,36.75669352,1061,26,7166.912162,84.65761727,22,1262,1262,4,7,7,0,1
ATAC_JV_adipose/samples/AC1/MSC91/problems/chr14:19050000-107289540,533,1.431371529,0.999577911,6880779,6.882619148,66.48150114,4807124,28.30117072,1526,14,6468.185416,80.42502978,11,1618,1618,3,5,5,0,1
ATAC_JV_adipose/samples/AC1/MSC91/problems/chr16:46510000-88389383,184,1.461636027,0.99956424,3882421,5.459113221,39.75028068,2656217,30.90994636,1132,20,5918.706807,76.93313205,17,1174,1174,3,6,6,0,1
ATAC_JV_adipose/samples/AC1/MSC91/problems/chr1:206482221-223747846,196,1.414732754,0.999437981,1353530,5.101541268,35.73083238,956740,26.16485461,884,16,3908.714541,62.51971322,13,951,951,3,5,5,0,1
ATAC_JV_adipose/samples/AC1/MSC91/problems/chr3:60000-66170270,192,1.421631623,0.999553064,5356816,5.965375394,50.30145841,3768077,27.26886765,1323,14,5277.697706,72.64776463,11,1627,1627,3,5,5,0,1
ATAC_JV_adipose/samples/AC1/MSC91/problems/chr4:75452279-190000000,539,1.320735292,0.999362454,6527334,6.548320441,59.66600252,4942198,18.90932557,1041,9,2720.931155,52.16254552,7,1141,1141,2,4,4,0,1
ATAC_JV_adipose/samples/AC1/MSC91/problems/chrX:37148256-49242997,161,1.357777611,0.999430769,833928,5.907802074,47.5020034,614187,21.84509767,832,12,3245.61835,56.97032868,9,867,867,3,5,5,0,1
ATAC_JV_adipose/samples/AC2/MSC70/problems/chr10:18024675-38818835,131,1.330934761,0.998657562,2148150,6.785512101,62.02150698,1614017,14.34314632,600,11,1015.480655,31.86660721,7,708,708,4,7,7,0,1
ATAC_JV_adipose/samples/AC2/MSC70/problems/chr10:51448845-125869472,235,1.351541999,0.998927197,8472164,7.53498166,80.50541262,6268518,16.0658623,858,12,1364.824999,36.94353798,7,1020,1020,5,8,8,0,1
ATAC_JV_adipose/samples/AC2/MSC70/problems/chr11:69774695-87688378,147,1.365445146,0.999089033,2226742,8.242244619,94.7870467,1630782,17.25764694,851,13,1673.914763,40.91350343,8,888,888,5,8,8,0,1
ATAC_JV_adipose/samples/AC2/MSC70/problems/chr12:145739-7189876,143,1.416085882,0.999127787,1090498,6.530796417,61.40591856,770080,21.09641855,772,15,2041.168212,45.17928964,9,953,953,6,9,9,0,1
ATAC_JV_adipose/samples/AC2/MSC70/problems/chr12:66500000-109373470,126,1.319919759,0.998706062,4102502,7.506913759,79.592679,3108146,13.74452744,713,11,1021.681896,31.96375911,7,742,742,4,7,7,0,1
ATAC_JV_adipose/samples/AC2/MSC70/problems/chr14:19050000-107289540,280,1.346430363,0.999035502,9768289,9.035562752,118.1488342,7254954,15.73332333,1088,12,1536.145321,39.19368981,8,1179,1179,4,8,8,0,1
ATAC_JV_adipose/samples/AC2/MSC70/problems/chr16:46510000-88389383,166,1.368199488,0.999002993,5384742,7.190654488,69.48185309,3935642,17.30899965,784,13,1536.302193,39.195691,8,809,809,5,8,8,0,1
ATAC_JV_adipose/samples/AC2/MSC70/problems/chr1:206482221-223747846,204,1.340371956,0.998727757,1890218,6.962466056,67.0177972,1410220,15.11035867,651,12,1116.605912,33.41565369,8,677,677,4,7,7,0,1
ATAC_JV_adipose/samples/AC2/MSC70/problems/chr1:521368-2634220,209,1.589242167,0.999487858,478996,18.52150043,625.8219998,301400,32.15414731,1109,22,8030.291726,89.611895,13,4343,4343,9,13,13,0,1
ATAC_JV_adipose/samples/AC2/MSC70/problems/chr22:20700000-50364777,664,1.422243554,0.999129187,4784177,6.908425806,68.57200758,3363825,21.3430009,1010,15,2198.064603,46.88352166,9,1067,1067,6,10,10,0,1
ATAC_JV_adipose/samples/AC2/MSC70/problems/chr2:162200000-234003741,398,1.326804184,0.998668035,7130588,7.845160249,87.32580929,5374259,14.07972932,738,11,1025.860542,32.02905777,7,756,756,4,7,7,0,1
ATAC_JV_adipose/samples/AC2/MSC70/problems/chr3:60000-66170270,127,1.344714323,0.998863869,7749828,7.813745816,87.43385908,5763179,15.49535803,868,12,1244.316138,35.27486553,7,882,882,5,8,8,0,1
ATAC_JV_adipose/samples/AC2/MSC70/problems/chr4:75452279-190000000,298,1.290977659,0.998209799,10025504,8.52131718,103.064254,7765824,11.43906107,701,10,664.5192509,25.77827091,6,767,767,4,6,6,0,1
ATAC_JV_adipose/samples/AC2/MSC70/problems/chr6:60000-58087659,224,1.358976553,0.9988823,6304068,7.007495365,69.49833365,4638836,16.57820173,798,13,1320.267495,36.33548534,8,859,859,5,8,8,0,1
ATAC_JV_adipose/samples/AC2/MSC70/problems/chr8:48135599-86500000,124,1.284254466,0.998146445,3474074,10.55046507,173.0376031,2705130,11.02317929,767,10,616.1747478,24.82286744,6,838,838,4,6,6,0,1
ATAC_JV_adipose/samples/AC2/MSC70/problems/chr8:87000000-142766515,185,1.322635459,0.998610689,5747560,7.683538488,82.80586267,4345537,13.81866361,737,11,946.6175822,30.76715102,7,774,774,4,7,7,0,1
ATAC_JV_adipose/samples/AC2/MSC70/problems/chrX:37148256-49242997,65,1.308522311,0.998432417,1293965,7.943922439,83.6402134,988876,12.93892864,512,11,774.0795345,27.82228485,7,522,522,4,7,7,0,1
ATAC_JV_adipose/samples/AC2/MSC72/problems/chr10:18024675-38818835,65,1.313409895,0.998697046,2011482,6.488792081,56.19567115,1531497,13.95239821,583,10,1001.423438,31.64527514,6,619,619,4,6,6,0,1
ATAC_JV_adipose/samples/AC2/MSC72/problems/chr10:51448845-125869472,165,1.332188287,0.998910161,7830704,7.106821102,69.9383768,5878077,15.31914128,782,11,1277.66424,35.74442949,7,814,814,4,7,7,0,1
ATAC_JV_adipose/samples/AC2/MSC72/problems/chr11:69774695-87688378,72,1.344436149,0.9990905,2029382,7.998783111,90.27628443,1509468,16.34575095,832,12,1575.398447,39.69128931,8,925,925,4,7,7,0,1
ATAC_JV_adipose/samples/AC2/MSC72/problems/chr12:145739-7189876,261,1.403289398,0.999088716,993745,6.315433281,60.80741039,708155,20.62107872,737,14,2016.254548,44.90272316,9,995,995,5,8,8,0,1
ATAC_JV_adipose/samples/AC2/MSC72/problems/chr12:66500000-109373470,139,1.301388995,0.998715833,3881882,7.241121389,73.12279266,2982877,13.34084811,676,10,997.7604645,31.58734659,6,699,699,4,6,6,0,1
ATAC_JV_adipose/samples/AC2/MSC72/problems/chr14:19050000-107289540,237,1.325161765,0.99898163,8937368,8.202280223,94.51800873,6744361,14.83131597,927,11,1372.316761,37.04479398,7,1018,1018,4,7,7,0,1
ATAC_JV_adipose/samples/AC2/MSC72/problems/chr16:46510000-88389383,300,1.348671127,0.998956009,4856442,6.85741483,62.92559575,3600910,16.22480401,712,12,1412.51056,37.58338144,8,734,734,4,7,7,0,1
ATAC_JV_adipose/samples/AC2/MSC72/problems/chr1:206482221-223747846,139,1.324603042,0.998794983,1766382,6.874385321,67.55824445,1333519,14.79492981,643,11,1125.396064,33.54692331,7,652,652,4,7,7,0,1
ATAC_JV_adipose/samples/AC2/MSC72/problems/chr1:521368-2634220,567,1.746608038,0.999840699,436142,41.74649251,1916.406078,249709,40.46796872,1319,19,196414.0536,443.1862516,12,24288,24288,7,11,11,0,1
ATAC_JV_adipose/samples/AC2/MSC72/problems/chr22:20700000-50364777,304,1.401363619,0.999124584,4185328,6.500055587,60.0647052,2986612,19.8131679,918,14,1960.169298,44.27379923,9,1000,1000,5,8,8,0,1
ATAC_JV_adipose/samples/AC2/MSC72/problems/chr2:162200000-234003741,331,1.305855529,0.998634645,6725519,7.381910985,76.97744093,5150279,13.51391973,676,10,950.7656129,30.83448739,6,721,721,4,6,6,0,1
ATAC_JV_adipose/samples/AC2/MSC72/problems/chr3:60000-66170270,216,1.323654547,0.998799106,7103911,7.426877743,79.25952324,5366893,14.52332234,821,11,1122.15889,33.49864013,7,914,914,4,7,7,0,1
ATAC_JV_adipose/samples/AC2/MSC72/problems/chr4:75452279-190000000,428,1.271696728,0.998239177,9492406,8.139925953,92.50398649,7464364,11.10898075,631,9,660.7584214,25.70522168,6,734,734,3,6,6,0,1
ATAC_JV_adipose/samples/AC2/MSC72/problems/chr6:60000-58087659,142,1.339928218,0.998856061,5811672,6.723394431,63.36325787,4337302,15.7732572,733,11,1239.07163,35.20044929,7,756,756,4,7,7,0,1
ATAC_JV_adipose/samples/AC2/MSC72/problems/chr8:48135599-86500000,71,1.265400592,0.998244477,3267525,10.33531964,163.0659239,2582207,10.58707532,728,9,624.2048903,24.98409275,5,786,786,4,6,6,0,1
ATAC_JV_adipose/samples/AC2/MSC72/problems/chr8:87000000-142766515,122,1.305302845,0.998603015,5380427,7.409909346,79.62435942,4121977,13.35005314,715,10,913.277303,30.22047821,6,896,896,4,6,6,0,1
ATAC_JV_adipose/samples/AC2/MSC72/problems/chrX:37148256-49242997,77,1.289118411,0.998163675,1181468,7.232276055,69.28900831,916494,11.89744177,442,10,626.4161578,25.02830713,6,447,447,4,6,6,0,1
ATAC_JV_adipose/samples/AC2/MSC73/problems/chr10:18024675-38818835,126,1.31144906,0.998737428,2465658,7.36274015,73.1829191,1880103,14.97528274,660,12,1036.362727,32.19258808,7,730,730,5,8,8,0,1
ATAC_JV_adipose/samples/AC2/MSC73/problems/chr10:51448845-125869472,227,1.334379944,0.998921412,9728321,7.5898729,80.92637115,7290519,16.78792333,905,14,1299.348794,36.04648102,9,986,986,5,9,9,0,1
ATAC_JV_adipose/samples/AC2/MSC73/problems/chr11:69774695-87688378,151,1.351423767,0.999121357,2553176,8.649132848,109.4060408,1889250,18.25540558,963,15,1682.631701,41.01989397,9,1091,1091,6,9,9,0,1
ATAC_JV_adipose/samples/AC2/MSC73/problems/chr12:145739-7189876,160,1.401473368,0.999138528,1258062,6.737140767,67.27539866,897672,22.13816739,776,17,2015.772521,44.89735539,10,1038,1038,7,11,11,0,1
ATAC_JV_adipose/samples/AC2/MSC73/problems/chr12:66500000-109373470,184,1.304050022,0.998763274,4754895,7.697169437,83.29556307,3646253,14.56204657,729,12,1034.39879,32.16207067,7,750,750,5,8,8,0,1
ATAC_JV_adipose/samples/AC2/MSC73/problems/chr14:19050000-107289540,267,1.327352883,0.998977322,11147740,8.947523511,113.7310679,8398476,16.21687042,976,14,1364.915934,36.9447687,9,1039,1039,5,9,9,0,1
ATAC_JV_adipose/samples/AC2/MSC73/problems/chr16:46510000-88389383,187,1.348651162,0.998991823,6131451,7.531677003,77.79053526,4546359,17.82021547,819,15,1429.557292,37.8094868,9,828,828,6,10,10,0,1
ATAC_JV_adipose/samples/AC2/MSC73/problems/chr1:206482221-223747846,132,1.325174018,0.998834455,2199064,7.506513934,81.49575355,1659454,16.11450152,724,13,1154.201805,33.97354566,8,842,842,5,8,8,0,1
ATAC_JV_adipose/samples/AC2/MSC73/problems/chr1:521368-2634220,180,1.53091574,0.999428335,502370,22.42812237,920.2978134,328151,29.75849533,953,23,5875.919655,76.65454752,13,4216,4216,10,15,15,0,1
ATAC_JV_adipose/samples/AC2/MSC73/problems/chr22:20700000-50364777,600,1.396049723,0.99908271,5365544,7.03894204,68.43884976,3843377,21.31754392,915,17,1905.055709,43.64694387,10,960,960,7,11,11,0,1
ATAC_JV_adipose/samples/AC2/MSC73/problems/chr2:162200000-234003741,339,1.310732156,0.99872444,8266152,8.018223302,91.46253615,6306516,14.92920925,765,12,1030.187142,32.09652851,7,862,862,5,8,8,0,1
ATAC_JV_adipose/samples/AC2/MSC73/problems/chr3:60000-66170270,116,1.326651857,0.998840308,8879058,7.971421924,92.45428854,6692833,16.12269647,903,14,1153.292282,33.96015727,8,994,994,6,9,9,0,1
ATAC_JV_adipose/samples/AC2/MSC73/problems/chr4:75452279-190000000,405,1.276927373,0.998286517,11545856,8.769606031,108.3024763,9041906,12.26350429,695,11,679.3486014,26.06431663,7,712,712,4,7,7,0,1
ATAC_JV_adipose/samples/AC2/MSC73/problems/chr6:60000-58087659,198,1.339830319,0.998882618,7234316,7.264363298,74.68443328,5399428,17.10884246,815,14,1250.490826,35.36227971,8,869,869,6,9,9,0,1
ATAC_JV_adipose/samples/AC2/MSC73/problems/chr8:48135599-86500000,212,1.270768372,0.998257847,4014661,11.20385852,191.308081,3159240,11.84137577,792,11,641.6326706,25.33046921,6,866,866,5,7,7,0,1
ATAC_JV_adipose/samples/AC2/MSC73/problems/chr8:87000000-142766515,197,1.305944127,0.998596864,6647650,8.125596578,96.38189517,5090303,14.51976965,800,13,907.1696746,30.11925754,8,971,971,5,8,8,0,1
ATAC_JV_adipose/samples/AC2/MSC73/problems/chrX:37148256-49242997,69,1.295321229,0.998299948,1485249,7.938795354,86.15950862,1146627,13.59613806,519,12,685.728202,26.18641254,7,556,556,5,8,8,0,1
ATAC_JV_adipose/samples/AC2/MSC74/problems/chr10:18024675-38818835,59,1.311010949,0.995218869,3031389,7.586597553,87.83286772,2312254,12.61082952,394,14,234.0056783,15.29724414,8,426,426,6,10,10,0,1
ATAC_JV_adipose/samples/AC2/MSC74/problems/chr10:51448845-125869472,131,1.331827773,0.996064584,11956633,8.01338121,99.61122839,8977613,14.12685644,496,16,298.9392756,17.28986049,9,547,547,7,11,11,0,1
ATAC_JV_adipose/samples/AC2/MSC74/problems/chr11:69774695-87688378,74,1.342728998,0.996788429,3071314,9.065239279,130.6589681,2287368,15.03193102,529,17,374.799337,19.35973494,10,551,551,7,12,12,0,1
ATAC_JV_adipose/samples/AC2/MSC74/problems/chr12:145739-7189876,106,1.380556869,0.997261135,1465370,7.121242793,78.85857015,1061435,17.74403143,462,19,493.6463814,22.21815432,10,585,585,9,13,13,0,1
ATAC_JV_adipose/samples/AC2/MSC74/problems/chr12:66500000-109373470,63,1.30125395,0.995012461,5884312,8.246602588,110.7482308,4522033,12.08580963,459,14,218.5273997,14.78267228,8,477,477,6,9,9,0,1
ATAC_JV_adipose/samples/AC2/MSC74/problems/chr14:19050000-107289540,167,1.330008317,0.996104041,13872153,9.125382574,130.2652185,10430126,13.86724149,497,16,301.9012734,17.37530643,9,503,503,7,11,11,0,1
ATAC_JV_adipose/samples/AC2/MSC74/problems/chr16:46510000-88389383,76,1.350532638,0.996273745,7624536,7.823825714,92.6968147,5645578,15.32498462,460,17,327.2930772,18.09124311,9,482,482,8,12,12,0,1
ATAC_JV_adipose/samples/AC2/MSC74/problems/chr1:206482221-223747846,163,1.323870783,0.995580954,2734516,7.734762874,94.15494732,2065547,13.63138481,396,15,262.7924125,16.21087328,8,447,447,7,11,11,0,1
ATAC_JV_adipose/samples/AC2/MSC74/problems/chr1:521368-2634220,153,1.510392269,0.999086381,594578,36.81386524,2090.945035,393659,25.10029493,696,26,2657.736625,51.55324069,13,3674,3674,13,18,18,0,1
ATAC_JV_adipose/samples/AC2/MSC74/problems/chr22:20700000-50364777,97,1.388116016,0.996931354,6355113,7.482915386,84.25316437,4578230,17.62426505,529,19,434.1141951,20.83540725,10,565,565,9,14,14,0,1
ATAC_JV_adipose/samples/AC2/MSC74/problems/chr2:162200000-234003741,171,1.309268335,0.995087924,10240657,8.170266763,105.2055513,7821665,12.51353427,407,14,227.3037983,15.0765977,8,412,412,6,10,10,0,1
ATAC_JV_adipose/samples/AC2/MSC74/problems/chr3:60000-66170270,84,1.335038309,0.995486521,11236143,7.992817317,107.9723024,8416346,14.27013611,502,17,259.5778278,16.11141917,10,518,518,7,11,11,0,1
ATAC_JV_adipose/samples/AC2/MSC74/problems/chr4:75452279-190000000,215,1.289041255,0.993024143,14823919,8.227189875,111.363237,11499958,11.1422813,373,13,151.2485981,12.29831688,7,387,387,6,9,9,0,1
ATAC_JV_adipose/samples/AC2/MSC74/problems/chr6:60000-58087659,102,1.335553554,0.995677656,8859894,7.635961129,92.64133492,6633875,14.26609425,443,16,273.9316374,16.55088026,9,470,470,7,11,11,0,1
ATAC_JV_adipose/samples/AC2/MSC74/problems/chr8:48135599-86500000,59,1.292639957,0.993038647,5218160,10.50657269,202.7532308,4036825,11.36769293,467,14,150.9364377,12.28561914,8,488,488,6,9,9,0,1
ATAC_JV_adipose/samples/AC2/MSC74/problems/chr8:87000000-142766515,122,1.313735477,0.994741238,8354149,8.033854117,106.3995166,6359081,12.88611059,459,15,212.9988015,14.59447846,8,511,511,7,10,10,0,1
ATAC_JV_adipose/samples/AC2/MSC74/problems/chrX:37148256-49242997,48,1.316994166,0.992337337,1943458,6.888822806,81.06817838,1475678,12.88268511,291,15,143.4994921,11.97912735,8,312,312,7,11,11,0,1
ATAC_JV_adipose/samples/AC2/MSC77/problems/chr10:18024675-38818835,88,1.283990081,0.998953407,2411291,6.679147042,60.18987534,1877968,15.90905756,662,12,1206.869668,34.74002977,7,744,744,5,8,8,0,1
ATAC_JV_adipose/samples/AC2/MSC77/problems/chr10:51448845-125869472,258,1.297118536,0.999039447,9293364,6.960674084,67.74831948,7164623,17.12435504,839,13,1373.243548,37.05730087,8,911,911,5,8,8,0,1
ATAC_JV_adipose/samples/AC2/MSC77/problems/chr11:69774695-87688378,112,1.307631625,0.999183888,2428370,7.911067549,93.12531398,1857076,18.27920236,886,14,1657.09528,40.70743519,8,1022,1022,6,9,9,0,1
ATAC_JV_adipose/samples/AC2/MSC77/problems/chr12:145739-7189876,127,1.364198761,0.999234093,1198289,5.929912033,52.33352246,878384,22.98955127,754,17,2131.913897,46.17265312,10,990,990,7,10,10,0,1
ATAC_JV_adipose/samples/AC2/MSC77/problems/chr12:66500000-109373470,167,1.267817791,0.998843516,4621509,7.153924744,73.75298383,3645248,14.63346966,764,11,1028.733946,32.07388262,7,813,813,4,7,7,0,1
ATAC_JV_adipose/samples/AC2/MSC77/problems/chr14:19050000-107289540,211,1.285914027,0.999031772,10578366,8.0728365,93.4911015,8226341,16.15455365,901,13,1329.433568,36.46139833,8,947,947,5,8,8,0,1
ATAC_JV_adipose/samples/AC2/MSC77/problems/chr16:46510000-88389383,165,1.312311753,0.99911092,5878053,6.812888632,63.1402159,4479160,18.33459019,753,14,1522.679353,39.02152423,8,758,758,6,9,9,0,1
ATAC_JV_adipose/samples/AC2/MSC77/problems/chr1:206482221-223747846,83,1.294045716,0.998963035,2133422,6.766752551,66.71871192,1648646,16.69997076,718,13,1243.173215,35.25866157,8,846,846,5,8,8,0,1
ATAC_JV_adipose/samples/AC2/MSC77/problems/chr1:521368-2634220,669,1.61790588,0.999835976,525457,48.21937956,2535.923547,324777,38.8875259,1138,23,167616.0699,409.4094159,14,25322,25322,9,14,14,0,1
ATAC_JV_adipose/samples/AC2/MSC77/problems/chr22:20700000-50364777,313,1.353053175,0.999181638,5078267,6.253153269,53.88615746,3753192,21.73994003,812,16,1883.513693,43.39946651,9,849,849,7,11,11,0,1
ATAC_JV_adipose/samples/AC2/MSC77/problems/chr2:162200000-234003741,388,1.272253897,0.998809729,7958284,7.444309666,79.89548522,6255265,14.95537072,733,12,1027.529608,32.05510268,7,810,810,5,7,7,0,1
ATAC_JV_adipose/samples/AC2/MSC77/problems/chr3:60000-66170270,166,1.289154268,0.998929975,8474146,7.142817001,73.87524554,6573416,16.24642439,859,13,1181.38157,34.37123173,8,891,891,5,8,8,0,1
ATAC_JV_adipose/samples/AC2/MSC77/problems/chr4:75452279-190000000,430,1.240758996,0.998417205,11209255,7.897130931,86.53939259,9034193,12.30064523,612,10,688.8614195,26.24616962,6,637,637,4,7,7,0,1
ATAC_JV_adipose/samples/AC2/MSC77/problems/chr6:60000-58087659,267,1.303211317,0.99895785,6942496,6.559326299,60.77448276,5327223,17.40291292,728,13,1265.872004,35.57909504,8,760,760,5,8,8,0,1
ATAC_JV_adipose/samples/AC2/MSC77/problems/chr8:48135599-86500000,146,1.229340292,0.998297793,3810741,10.02489723,150.9230879,3099827,11.39654536,706,10,596.9483315,24.4325261,6,745,745,4,7,7,0,1
ATAC_JV_adipose/samples/AC2/MSC77/problems/chr8:87000000-142766515,217,1.274717283,0.998790472,6459213,7.350464823,78.00790087,5067174,15.05389631,768,12,1021.460938,31.96030254,7,940,940,5,8,8,0,1
ATAC_JV_adipose/samples/AC2/MSC77/problems/chrX:37148256-49242997,102,1.251671922,0.998287424,1410255,7.401445558,76.48442162,1126698,13.21217043,501,12,627.7443221,25.05482632,7,541,541,5,8,8,0,1
ATAC_JV_adipose/samples/AC2/MSC80/problems/chr10:18024675-38818835,196,1.298060884,0.999307129,1701837,5.539628283,43.01311777,1311062,19.87088711,772,12,2220.122474,47.11817563,9,793,793,3,5,5,0,1
ATAC_JV_adipose/samples/AC2/MSC80/problems/chr10:51448845-125869472,177,1.321341139,0.999435646,6674435,5.634983686,43.82824207,5051259,22.35371419,947,13,2916.626114,54.00579704,10,1021,1021,3,6,6,0,1
ATAC_JV_adipose/samples/AC2/MSC80/problems/chr11:69774695-87688378,214,1.329056483,0.999479201,1715994,6.362692623,57.69152718,1291138,23.08964495,993,14,3256.476267,57.0655436,11,1128,1128,3,6,6,0,1
ATAC_JV_adipose/samples/AC2/MSC80/problems/chr12:145739-7189876,321,1.423909842,0.99943074,884819,4.621256819,29.68835688,621402,31.22920106,836,24,4323.582946,65.75395765,20,956,956,4,8,8,0,1
ATAC_JV_adipose/samples/AC2/MSC80/problems/chr12:66500000-109373470,166,1.282293059,0.999344821,3279812,5.73892096,44.83889337,2557772,18.87884417,783,11,2164.496247,46.52414692,8,813,813,3,5,5,0,1
ATAC_JV_adipose/samples/AC2/MSC80/problems/chr14:19050000-107289540,197,1.311103865,0.999461867,7590999,6.408244576,57.16438429,5789778,21.44516111,1057,12,3027.852085,55.02592193,9,1112,1112,3,6,6,0,1
ATAC_JV_adipose/samples/AC2/MSC80/problems/chr16:46510000-88389383,218,1.344617016,0.999450262,4183000,5.309012221,37.97373055,3110924,24.2872931,878,15,3179.24472,56.38479157,11,936,936,4,6,6,0,1
ATAC_JV_adipose/samples/AC2/MSC80/problems/chr1:206482221-223747846,312,1.318868608,0.999324118,1535746,5.469885202,44.59598753,1164443,21.5557859,829,13,2433.304693,49.32853832,10,909,909,3,6,6,0,1
ATAC_JV_adipose/samples/AC2/MSC80/problems/chr1:521368-2634220,669,1.778163513,0.999840176,409760,40.30169543,1780.502849,230441,53.8772918,1175,38,256432.6022,506.3917478,32,26383,26383,6,11,11,0,1
ATAC_JV_adipose/samples/AC2/MSC80/problems/chr22:20700000-50364777,291,1.412705801,0.999494391,3772426,5.042371607,36.47992255,2670356,30.21257765,1060,23,4198.404058,64.79509285,19,1141,1141,4,8,8,0,1
ATAC_JV_adipose/samples/AC2/MSC80/problems/chr2:162200000-234003741,411,1.283031536,0.999283294,5660186,6.1797272,54.97357816,4411573,18.72063457,869,11,2026.315259,45.01461162,8,904,904,3,5,5,0,1
ATAC_JV_adipose/samples/AC2/MSC80/problems/chr3:60000-66170270,201,1.306892765,0.99939925,5936184,5.876550783,49.96788588,4542213,20.93116197,1028,12,2620.57567,51.19155858,9,1228,1228,3,6,6,0,1
ATAC_JV_adipose/samples/AC2/MSC80/problems/chr4:75452279-190000000,448,1.233543554,0.999116523,7661840,6.624962091,61.2560295,6211245,14.55941892,787,8,1388.485312,37.26238468,5,831,831,3,5,5,0,1
ATAC_JV_adipose/samples/AC2/MSC80/problems/chr6:60000-58087659,161,1.337914162,0.999392278,4961264,5.124875481,36.51240688,3708209,23.36062423,831,15,2735.481699,52.30183266,12,865,865,3,6,6,0,1
ATAC_JV_adipose/samples/AC2/MSC80/problems/chr8:48135599-86500000,97,1.214763483,0.999107286,2545843,8.166033543,101.1239547,2095753,13.08245724,835,8,1245.016929,35.28479742,5,925,925,3,5,5,0,1
ATAC_JV_adipose/samples/AC2/MSC80/problems/chr8:87000000-142766515,143,1.284190038,0.999265966,4536662,5.60272301,44.16566904,3532704,18.80358473,832,11,1947.581014,44.13140621,8,1004,1004,3,5,5,0,1
ATAC_JV_adipose/samples/AC2/MSC80/problems/chrX:37148256-49242997,78,1.255056807,0.999192446,917316,6.001306858,49.64819465,730897,16.38550986,621,10,1541.875859,39.26672712,7,671,671,3,5,5,0,1
ATAC_JV_adipose/samples/AC2/MSC83/problems/chr10:18024675-38818835,90,1.257465749,0.99906471,1865966,6.262720462,53.97197827,1483911,15.6571041,619,10,1311.191154,36.21037357,6,623,623,4,6,6,0,1
ATAC_JV_adipose/samples/AC2/MSC83/problems/chr10:51448845-125869472,225,1.279022085,0.999231279,7364668,6.390489959,57.30925096,5758047,17.77080458,845,11,1741.446192,41.73063853,7,871,871,4,7,7,0,1
ATAC_JV_adipose/samples/AC2/MSC83/problems/chr11:69774695-87688378,111,1.285369762,0.999340337,1868096,7.168160785,73.06125907,1453354,18.59488741,888,12,2083.227889,45.64239136,8,1025,1025,4,7,7,0,1
ATAC_JV_adipose/samples/AC2/MSC83/problems/chr12:145739-7189876,181,1.339117575,0.999322055,918174,5.516655553,43.88270514,685657,23.14110116,763,15,2470.015967,49.6992552,10,901,901,5,8,8,0,1
ATAC_JV_adipose/samples/AC2/MSC83/problems/chr12:66500000-109373470,140,1.246256269,0.999044536,3618864,6.613519132,60.89462996,2903789,14.80332145,695,10,1241.029078,35.22824262,7,748,748,3,6,6,0,1
ATAC_JV_adipose/samples/AC2/MSC83/problems/chr14:19050000-107289540,266,1.270309265,0.999286539,8401217,7.714889847,84.81958838,6613522,17.02505337,1010,11,1895.751347,43.54022677,7,1079,1079,4,6,6,0,1
ATAC_JV_adipose/samples/AC2/MSC83/problems/chr16:46510000-88389383,103,1.291784203,0.999285138,4569312,6.242267742,53.08232405,3537211,18.92575054,760,12,1924.744,43.87190444,8,770,770,4,7,7,0,1
ATAC_JV_adipose/samples/AC2/MSC83/problems/chr1:206482221-223747846,121,1.269279647,0.999080263,1646012,6.296685675,58.68908079,1296809,16.6467213,695,11,1400.594312,37.42451486,7,739,739,4,6,6,0,1
ATAC_JV_adipose/samples/AC2/MSC83/problems/chr1:521368-2634220,610,1.689852704,0.999841216,436298,42.22355622,1964.963387,258188,46.37094288,1194,28,217783.3273,466.6726125,21,25695,25695,7,11,11,0,1
ATAC_JV_adipose/samples/AC2/MSC83/problems/chr22:20700000-50364777,186,1.345695795,0.999379745,3973475,6.049374942,54.38457589,2952730,23.47337345,1008,15,2673.530509,51.70619411,10,1085,1085,5,8,8,0,1
ATAC_JV_adipose/samples/AC2/MSC83/problems/chr2:162200000-234003741,387,1.252792098,0.999005305,6287072,6.770049595,66.82509324,5018449,15.36017244,785,10,1248.539096,35.33467272,6,833,833,4,6,6,0,1
ATAC_JV_adipose/samples/AC2/MSC83/problems/chr3:60000-66170270,211,1.266784787,0.999180697,6566987,6.90059768,69.30092734,5183981,16.57042397,909,11,1576.588051,39.70627218,7,1046,1046,4,6,6,0,1
ATAC_JV_adipose/samples/AC2/MSC83/problems/chr4:75452279-190000000,428,1.214145542,0.998672856,8766971,7.425248127,77.1601689,7220693,12.01625287,681,9,807.2265276,28.41173222,6,722,722,3,5,5,0,1
ATAC_JV_adipose/samples/AC2/MSC83/problems/chr6:60000-58087659,217,1.287888156,0.999165191,5413804,5.909088991,48.92028903,4203630,18.19511589,741,12,1621.684728,40.27014686,8,772,772,4,7,7,0,1
ATAC_JV_adipose/samples/AC2/MSC83/problems/chr8:48135599-86500000,86,1.201172054,0.998694332,2930849,9.736575149,148.4092467,2439992,11.09433515,777,8,756.9995456,27.51362473,5,833,833,3,5,5,0,1
ATAC_JV_adipose/samples/AC2/MSC83/problems/chr8:87000000-142766515,130,1.248696733,0.99897149,5014364,6.399172931,59.33286399,4015679,14.98756499,733,10,1150.748612,33.9226858,6,957,957,4,6,6,0,1
ATAC_JV_adipose/samples/AC2/MSC83/problems/chrX:37148256-49242997,134,1.226975954,0.998819245,1063290,7.369335256,75.83195887,866595,13.08429543,566,10,917.4070912,30.28872878,6,574,574,4,6,6,0,1
ATAC_JV_adipose/samples/AC2/MSC91/problems/chr10:18024675-38818835,194,1.324662549,0.99944876,1871674,6.03144167,49.02896989,1412945,22.14202039,901,12,3181.252052,56.40258905,9,926,926,3,6,6,0,1
ATAC_JV_adipose/samples/AC2/MSC91/problems/chr10:51448845-125869472,457,1.350561151,0.999530239,7381677,6.272760237,54.97424024,5465638,24.86258768,1290,13,4217.354471,64.94116161,9,1385,1385,4,6,6,0,1
ATAC_JV_adipose/samples/AC2/MSC91/problems/chr11:69774695-87688378,166,1.35741865,0.999617292,1889296,7.360743618,73.97158444,1391831,25.85089282,1299,14,5272.299043,72.6105987,10,1446,1446,4,7,7,0,1
ATAC_JV_adipose/samples/AC2/MSC91/problems/chr12:145739-7189876,595,1.449537094,0.999500139,948809,5.482754445,42.18450896,654561,33.69313326,1143,20,6484.938285,80.52911452,15,1350,1350,5,8,8,0,1
ATAC_JV_adipose/samples/AC2/MSC91/problems/chr12:66500000-109373470,182,1.302528796,0.999473652,3511137,6.588910561,59.96116741,2695632,20.597346,1022,11,3089.513217,55.58338976,8,1080,1080,3,6,6,0,1
ATAC_JV_adipose/samples/AC2/MSC91/problems/chr14:19050000-107289540,576,1.345736259,0.999563894,8417548,7.589765427,81.57500429,6254977,24.46576622,1515,12,4958.946639,70.41978869,8,1619,1619,4,6,6,0,1
ATAC_JV_adipose/samples/AC2/MSC91/problems/chr16:46510000-88389383,180,1.375647069,0.999571683,4680049,6.066117955,49.47693135,3402072,27.2164722,1161,15,4808.2063,69.34123088,11,1265,1265,4,7,7,0,1
ATAC_JV_adipose/samples/AC2/MSC91/problems/chr1:206482221-223747846,184,1.331333448,0.999419536,1611450,5.670371389,45.312593,1210404,22.75032303,881,13,3043.615777,55.16897477,9,1039,1039,4,6,6,0,1
ATAC_JV_adipose/samples/AC2/MSC91/problems/chr1:521368-2634220,694,1.879579463,0.999842564,512738,43.035416,2056.433773,272795,64.62260305,1387,45,285404.3168,534.2324558,38,30124,30124,7,13,13,0,1
ATAC_JV_adipose/samples/AC2/MSC91/problems/chr22:20700000-50364777,897,1.451557858,0.999570535,4149477,6.076780686,54.80993764,2858638,33.68415903,1536,21,6693.593416,81.81438392,16,1718,1718,5,8,8,0,1
ATAC_JV_adipose/samples/AC2/MSC91/problems/chr2:162200000-234003741,450,1.306768845,0.999434615,6125100,7.116377474,73.89773742,4687211,20.74114564,1191,12,3012.429693,54.88560552,9,1363,1363,3,6,6,0,1
ATAC_JV_adipose/samples/AC2/MSC91/problems/chr3:60000-66170270,215,1.339419233,0.999552872,6551216,6.640897354,62.40090467,4891088,23.91382633,1302,12,4207.290465,64.86362976,8,1514,1514,4,6,6,0,1
ATAC_JV_adipose/samples/AC2/MSC91/problems/chr4:75452279-190000000,585,1.249818958,0.999298013,8277261,7.524756985,79.83459187,6622769,15.99595154,1021,9,1962.813295,44.30364878,6,1095,1095,3,5,5,0,1
ATAC_JV_adipose/samples/AC2/MSC91/problems/chr6:60000-58087659,364,1.370391876,0.99950436,5480156,5.748720221,45.75810071,3998971,26.18472152,1027,15,4021.833103,63.41792415,11,1043,1043,4,7,7,0,1
ATAC_JV_adipose/samples/AC2/MSC91/problems/chr8:48135599-86500000,239,1.238173702,0.999343125,2797599,9.528095267,147.5277173,2259457,15.10986047,1129,9,1964.953131,44.32779186,6,1482,1482,3,5,5,0,1
ATAC_JV_adipose/samples/AC2/MSC91/problems/chr8:87000000-142766515,250,1.301651068,0.999418135,4961916,6.357039142,56.54183315,3812018,20.45928325,1047,11,2728.661452,52.23659112,8,1208,1208,3,6,6,0,1
ATAC_JV_adipose/samples/AC2/MSC91/problems/chrX:37148256-49242997,179,1.287623257,0.999428919,1050022,6.963849817,67.39111671,815474,19.18917219,892,10,2660.870103,51.58362243,7,981,981,3,6,6,0,1
ATAC_JV_adipose/samples/ACi/MSC77/problems/chr10:18024675-38818835,145,1.457040633,0.999514757,1234348,5.326906303,38.8402919,847162,28.5384106,997,18,5098.525938,71.40396304,16,1047,1047,2,5,5,0,1
ATAC_JV_adipose/samples/ACi/MSC77/problems/chr11:69774695-87688378,130,1.485702832,0.999627325,1304560,6.641177276,63.3690608,878077,31.84015069,1376,19,7608.472787,87.2265601,16,1676,1676,3,5,5,0,1
ATAC_JV_adipose/samples/ACi/MSC77/problems/chr12:145739-7189876,218,1.568671225,0.999562361,713896,4.947736057,35.29630889,455097,38.90064755,1086,30,7931.438332,89.05862301,27,1426,1426,3,7,7,0,1
ATAC_JV_adipose/samples/ACi/MSC77/problems/chr14:19050000-107289540,335,1.475912458,0.999598562,5438885,6.294153221,53.76017919,3685101,30.69118458,1455,18,7262.752944,85.22178679,16,1525,1525,2,5,5,0,1
ATAC_JV_adipose/samples/ACi/MSC77/problems/chr16:46510000-88389383,160,1.508880516,0.999601497,3213066,5.375812706,39.71784332,2129438,34.26106043,1320,23,7229.092636,85.02407092,20,1522,1522,3,6,6,0,1
ATAC_JV_adipose/samples/ACi/MSC77/problems/chr1:206482221-223747846,104,1.479452511,0.999537101,1155158,5.561977234,46.34484656,780802,30.37417297,1136,21,5537.747391,74.41604257,19,1310,1310,2,5,5,0,1
ATAC_JV_adipose/samples/ACi/MSC77/problems/chr3:60000-66170270,158,1.453609429,0.999563852,4285322,6.022803887,55.49056722,2948057,28.83580847,1418,16,5805.748829,76.19546462,14,1893,1893,2,5,5,0,1
ATAC_JV_adipose/samples/ACi/MSC77/problems/chr4:75452279-190000000,754,1.363049925,0.999377604,5053205,6.090009436,50.23594008,3707279,20.7052477,985,10,3278.330121,57.25670372,8,1037,1037,2,4,4,0,1
ATAC_JV_adipose/samples/ACi/MSC77/problems/chrX:37148256-49242997,97,1.380978051,0.999457322,668624,5.845971943,46.92596677,484168,22.94425695,831,13,3612.168059,60.10131495,11,873,873,2,4,4,0,1
ATAC_JV_adipose/samples/ACi/MSC80/problems/chr10:18024675-38818835,234,1.367806451,0.999437129,1501991,5.696489827,45.98884036,1098103,23.8503929,942,14,3519.345932,59.32407548,11,1036,1036,3,5,5,0,1
ATAC_JV_adipose/samples/ACi/MSC80/problems/chr11:69774695-87688378,207,1.393525842,0.99956864,1540848,6.626676715,61.79118957,1105720,26.76995442,1187,16,5026.051227,70.89464879,13,1339,1339,3,6,6,0,1
ATAC_JV_adipose/samples/ACi/MSC80/problems/chr12:145739-7189876,289,1.485129798,0.999497085,809969,4.94612525,35.30392907,545387,34.55947978,1006,27,5884.274571,76.70902535,23,1229,1229,4,7,7,0,1
ATAC_JV_adipose/samples/ACi/MSC80/problems/chr14:19050000-107289540,244,1.384078561,0.999564392,6685469,6.577037933,59.40388906,4830268,25.86759617,1252,14,4998.182187,70.69782307,11,1281,1281,3,5,5,0,1
ATAC_JV_adipose/samples/ACi/MSC80/problems/chr16:46510000-88389383,177,1.427684734,0.99955817,3847726,5.401066485,40.66522022,2695082,30.05213645,1185,20,5245.874073,72.42840653,17,1407,1407,3,6,6,0,1
ATAC_JV_adipose/samples/ACi/MSC80/problems/chr1:206482221-223747846,341,1.398658906,0.99946228,1406904,5.719611218,50.40281321,1005896,26.48967587,1055,18,4004.740415,63.28301838,15,1229,1229,3,6,6,0,1
ATAC_JV_adipose/samples/ACi/MSC80/problems/chr3:60000-66170270,187,1.374318964,0.999516046,5206650,6.038615409,53.01479362,3788532,24.90970144,1244,14,4187.060801,64.70750189,11,1535,1535,3,5,5,0,1
ATAC_JV_adipose/samples/ACi/MSC80/problems/chr4:75452279-190000000,629,1.28956384,0.999304723,6624100,6.481920218,57.94222515,5136699,17.56770876,936,9,2265.846504,47.60090865,7,975,975,2,4,4,0,1
ATAC_JV_adipose/samples/ACi/MSC80/problems/chrX:37148256-49242997,82,1.307773367,0.999362097,804193,5.962782438,49.3268078,614934,19.2125968,713,10,2403.961663,49.03021174,8,741,741,2,5,5,0,1
ATAC_JV_adipose/samples/ACi/MSC83/problems/chr10:18024675-38818835,207,1.519790031,0.999534415,1739769,5.843257708,47.40978174,1144744,30.61786478,1227,18,6262.5597,79.13633615,15,1385,1385,3,6,6,0,1
ATAC_JV_adipose/samples/ACi/MSC83/problems/chr11:69774695-87688378,206,1.568582533,0.999663315,1898068,7.127243808,69.49334713,1210054,36.25513655,1715,21,10630.12537,103.1024993,17,1942,1942,4,7,7,0,1
ATAC_JV_adipose/samples/ACi/MSC83/problems/chr12:145739-7189876,380,1.651137981,0.999580504,1009126,5.762476754,48.37063453,611171,43.41887131,1451,30,11020.30442,104.9776377,25,1893,1893,5,9,9,0,1
ATAC_JV_adipose/samples/ACi/MSC83/problems/chr14:19050000-107289540,520,1.56088591,0.999642677,8097912,7.229089288,72.86741168,5188024,35.26216301,2013,19,10538.32043,102.6563219,16,2111,2111,3,6,6,0,1
ATAC_JV_adipose/samples/ACi/MSC83/problems/chr16:46510000-88389383,183,1.590302684,0.999637949,4717520,6.008232726,50.06624401,2966430,38.43145869,1651,23,9930.702698,99.65291113,19,2030,2030,4,7,7,0,1
ATAC_JV_adipose/samples/ACi/MSC83/problems/chr1:206482221-223747846,181,1.55785664,0.999564214,1617602,6.004131457,54.60179707,1038352,34.08866261,1376,21,7393.157398,85.98347166,18,1620,1620,3,7,7,0,1
ATAC_JV_adipose/samples/ACi/MSC83/problems/chr3:60000-66170270,329,1.53639213,0.999606948,6252864,6.581040841,63.08194674,4069837,32.95274725,1789,17,8320.826831,91.21856626,14,2140,2140,3,6,6,0,1
ATAC_JV_adipose/samples/ACi/MSC83/problems/chr4:75452279-190000000,857,1.434189539,0.999439828,7190609,6.727893778,63.63606379,5013710,23.46141241,1352,12,4368.33049,66.09334679,9,1491,1491,3,5,5,0,1
ATAC_JV_adipose/samples/ACi/MSC83/problems/chrX:37148256-49242997,120,1.45705121,0.999558555,974352,6.834471757,65.64853244,668716,26.58781605,1203,13,5647.758322,75.15156899,10,1328,1328,3,6,6,0,1
ATAC_JV_adipose/samples/ACi/MSC91/problems/chr10:18024675-38818835,71,1.538866974,0.99806658,555908,3.955298121,20.54664449,361246,15.00075295,368,11,1014.150418,31.84572841,10,390,390,1,3,3,0,1
ATAC_JV_adipose/samples/ACi/MSC91/problems/chr11:69774695-87688378,43,1.555659191,0.998455399,517042,4.739751744,30.29110036,332363,15.34034775,475,11,1303.020376,36.09737353,10,535,535,1,3,3,0,1
ATAC_JV_adipose/samples/ACi/MSC91/problems/chr12:145739-7189876,84,1.62496297,0.998255319,246840,4.715783484,37.24200005,151906,17.40949666,399,15,1356.906049,36.83620568,14,594,594,1,3,3,0,1
ATAC_JV_adipose/samples/ACi/MSC91/problems/chr14:19050000-107289540,101,1.546929772,0.998500336,2271374,4.705446017,28.70081084,1468312,15.28695468,512,9,1370.223813,37.01653432,8,527,527,1,3,3,0,1
ATAC_JV_adipose/samples/ACi/MSC91/problems/chr16:46510000-88389383,67,1.586554545,0.998351227,1255796,4.268880007,24.86508212,791525,16.35932788,509,12,1311.861,36.21962175,11,556,556,1,3,3,0,1
ATAC_JV_adipose/samples/ACi/MSC91/problems/chr1:206482221-223747846,89,1.546226523,0.998104809,485076,4.047864392,21.59898974,313717,14.99173778,386,12,1032.933435,32.13928181,11,422,422,1,3,3,0,1
ATAC_JV_adipose/samples/ACi/MSC91/problems/chr3:60000-66170270,80,1.536118315,0.998226885,1791286,4.812782267,35.47914899,1166113,14.26791314,535,9,1092.427991,33.05189845,8,660,660,1,3,3,0,1
ATAC_JV_adipose/samples/ACi/MSC91/problems/chr4:75452279-190000000,260,1.455200268,0.997734313,2405350,4.936598442,32.19956967,1652935,11.08336625,412,6,730.5414364,27.02853005,5,496,496,1,2,2,0,1
ATAC_JV_adipose/samples/ACi/MSC91/problems/chrX:37148256-49242997,50,1.475484006,0.996931166,274592,4.11801654,20.79452573,186104,10.30806431,241,7,516.7707414,22.73259205,6,245,245,1,2,2,0,1
ATAC_JV_adipose/samples/AD1/MSC77/problems/chr10:18024675-38818835,206,1.446725059,0.999379987,1642140,4.867335937,31.04069462,1135075,26.24163425,817,16,3797.716538,61.62561592,13,845,845,3,6,6,0,1
ATAC_JV_adipose/samples/AD1/MSC77/problems/chr11:69774695-87688378,241,1.477125094,0.999571535,1674986,6.253561114,51.33382195,1133951,30.02730541,1188,17,6556.723682,80.97359867,14,1212,1212,3,6,6,0,1
ATAC_JV_adipose/samples/AD1/MSC77/problems/chr12:145739-7189876,208,1.596418083,0.999564457,930062,5.045625554,35.61268002,582594,39.69597867,1194,29,8210.297628,90.61069268,25,1424,1424,4,8,8,0,1
ATAC_JV_adipose/samples/AD1/MSC77/problems/chr14:19050000-107289540,332,1.478003227,0.999587519,7206222,7.645010047,88.93325913,4875648,29.63853502,1931,15,7279.869303,85.32215013,12,2129,2129,3,6,6,0,1
ATAC_JV_adipose/samples/AD1/MSC77/problems/chr16:46510000-88389383,265,1.527447995,0.999570556,4390579,5.677721004,44.55305205,2874455,34.12687936,1365,23,7093.123814,84.22068519,19,1444,1444,4,7,7,0,1
ATAC_JV_adipose/samples/AD1/MSC77/problems/chr1:206482221-223747846,162,1.44483081,0.999401806,1336678,5.074559148,35.33865773,925146,26.14148794,883,16,3812.120784,61.7423743,13,942,942,3,6,6,0,1
ATAC_JV_adipose/samples/AD1/MSC77/problems/chr3:60000-66170270,186,1.478172112,0.999522557,5700046,5.766810716,47.70910231,3856146,29.26572749,1343,16,5583.058574,74.71986733,13,1565,1565,3,6,6,0,1
ATAC_JV_adipose/samples/AD1/MSC77/problems/chr4:75452279-190000000,372,1.349698405,0.999316155,6308462,6.500092469,59.95968675,4673980,18.77234584,1069,9,2654.823876,51.52498303,7,1194,1194,2,4,4,0,1
ATAC_JV_adipose/samples/AD1/MSC77/problems/chrX:37148256-49242997,144,1.390535073,0.99940966,885013,6.251182128,53.7498204,636456,22.34193251,888,12,3417.424149,58.45873886,9,934,934,3,5,5,0,1
ATAC_JV_adipose/samples/AD1/MSC80/problems/chr10:18024675-38818835,142,1.385635519,0.998892479,974832,4.351435054,24.91618101,703528,17.9742441,495,12,1580.00121,39.74922905,10,502,502,2,4,4,0,1
ATAC_JV_adipose/samples/AD1/MSC80/problems/chr11:69774695-87688378,66,1.390404874,0.99910697,906106,5.304992016,36.65167833,651686,18.01546297,606,12,1944.194755,44.09302388,10,634,634,2,4,4,0,1
ATAC_JV_adipose/samples/AD1/MSC80/problems/chr12:145739-7189876,218,1.499827581,0.999072059,495828,4.437844142,27.67075622,330591,24.80834626,645,22,2681.318348,51.78144791,20,749,749,2,5,5,0,1
ATAC_JV_adipose/samples/AD1/MSC80/problems/chr14:19050000-107289540,113,1.39312018,0.999172728,4017232,5.983594439,53.28232877,2883623,18.38777573,913,11,2202.76875,46.93366329,9,975,975,2,4,4,0,1
ATAC_JV_adipose/samples/AD1/MSC80/problems/chr16:46510000-88389383,134,1.440822976,0.999130669,2317290,4.629100549,28.3452145,1608311,21.17902881,643,15,2313.492557,48.09877916,13,674,674,2,4,4,0,1
ATAC_JV_adipose/samples/AD1/MSC80/problems/chr1:206482221-223747846,231,1.403064955,0.998883475,811638,4.312797102,25.46095474,578476,18.62372164,521,14,1630.79732,40.38313162,12,559,559,2,4,4,0,1
ATAC_JV_adipose/samples/AD1/MSC80/problems/chr3:60000-66170270,117,1.395595529,0.999022353,3185952,5.057917015,38.69329221,2282863,18.18566248,770,12,1806.168588,42.4990422,10,909,909,2,4,4,0,1
ATAC_JV_adipose/samples/AD1/MSC80/problems/chr4:75452279-190000000,256,1.306252402,0.99868612,4011057,5.440833099,39.09431827,3070661,12.75666086,522,7,1053.224874,32.45342624,6,531,531,1,3,3,0,1
ATAC_JV_adipose/samples/AD1/MSC80/problems/chrX:37148256-49242997,54,1.32057104,0.998403918,483605,4.824057894,30.15787919,366210,12.67177849,353,8,833.9464636,28.87813123,6,399,399,2,3,3,0,1
ATAC_JV_adipose/samples/AD1/MSC83/problems/chr10:18024675-38818835,184,1.498070988,0.999080952,1126070,4.420660476,25.82771038,751681,22.19913101,654,15,2502.907194,50.02906349,13,684,684,2,4,4,0,1
ATAC_JV_adipose/samples/AD1/MSC83/problems/chr11:69774695-87688378,94,1.534918564,0.999373236,1143324,5.635469357,41.64292529,744877,25.19071605,876,16,4198.789654,64.79806829,14,896,896,2,5,5,0,1
ATAC_JV_adipose/samples/AD1/MSC83/problems/chr12:145739-7189876,196,1.620131679,0.999311592,613458,4.73127261,30.94420437,378648,31.10018276,848,25,4795.547019,69.24988822,22,1014,1014,3,6,6,0,1
ATAC_JV_adipose/samples/AD1/MSC83/problems/chr14:19050000-107289540,196,1.535662205,0.999403563,4936810,6.125768132,51.99353974,3214777,25.46634432,1192,15,4682.909611,68.43178802,13,1250,1250,2,4,4,0,1
ATAC_JV_adipose/samples/AD1/MSC83/problems/chr16:46510000-88389383,120,1.571442145,0.999351666,2927317,4.946605717,32.38762269,1862823,27.88687063,887,20,4362.811751,66.05158402,18,951,951,2,5,5,0,1
ATAC_JV_adipose/samples/AD1/MSC83/problems/chr1:206482221-223747846,104,1.514903139,0.999141663,959982,4.550345741,28.3883666,633693,23.28109984,684,17,2742.988612,52.37354878,15,751,751,2,4,4,0,1
ATAC_JV_adipose/samples/AD1/MSC83/problems/chr3:60000-66170270,160,1.532900131,0.999289024,3937208,5.215243673,38.94824845,2568471,24.86152657,1000,16,3633.670843,60.27993731,14,1159,1159,2,4,4,0,1
ATAC_JV_adipose/samples/AD1/MSC83/problems/chr4:75452279-190000000,323,1.416268924,0.99899036,4445916,5.599172062,43.24261099,3139176,16.6864056,771,9,1859.950624,43.12714487,7,829,829,2,3,3,0,1
ATAC_JV_adipose/samples/AD1/MSC83/problems/chrX:37148256-49242997,76,1.450055615,0.999077659,597072,5.362132211,38.73725891,411759,18.89011533,624,12,2144.641104,46.31026996,10,651,651,2,4,4,0,1
ATAC_JV_adipose/samples/AD1/MSC91/problems/chr10:18024675-38818835,186,1.453904241,0.999346461,1299235,4.560781145,27.22050941,893619,26.59250755,756,20,3620.227401,60.16832556,18,780,780,2,5,5,0,1
ATAC_JV_adipose/samples/AD1/MSC91/problems/chr11:69774695-87688378,89,1.47498939,0.999513913,1268572,5.625029201,42.40128862,860056,28.59456245,1027,19,5290.316537,72.73456219,17,1071,1071,2,5,5,0,1
ATAC_JV_adipose/samples/AD1/MSC91/problems/chr12:145739-7189876,538,1.576665927,0.999360765,639070,4.486866818,27.25004824,405331,35.92729646,923,30,6225.867241,78.90416491,27,1126,1126,3,6,6,0,1
ATAC_JV_adipose/samples/AD1/MSC91/problems/chr14:19050000-107289540,415,1.483787806,0.999529914,5412484,6.477987434,61.89296237,3647749,29.2955716,1520,18,6226.183249,78.90616737,16,1723,1723,2,5,5,0,1
ATAC_JV_adipose/samples/AD1/MSC91/problems/chr16:46510000-88389383,128,1.530075548,0.999506685,3207860,4.885221882,32.21528105,2096538,32.96443947,1087,25,5883.211222,76.70209399,22,1132,1132,3,6,6,0,1
ATAC_JV_adipose/samples/AD1/MSC91/problems/chr1:206482221-223747846,150,1.454161641,0.999318112,1056018,4.440993741,27.23979257,726205,26.3251396,740,20,3334.637254,57.74631809,18,794,794,2,5,5,0,1
ATAC_JV_adipose/samples/AD1/MSC91/problems/chr3:60000-66170270,233,1.482604229,0.999472553,4364007,5.146445179,36.71727127,2943475,28.86962621,1079,19,4968.716392,70.48912251,17,1313,1313,2,5,5,0,1
ATAC_JV_adipose/samples/AD1/MSC91/problems/chr4:75452279-190000000,350,1.3579236,0.999287272,5012206,5.677992057,44.18418762,3691082,19.4223263,889,11,2571.843638,50.71334773,9,921,921,2,4,4,0,1
ATAC_JV_adipose/samples/AD1/MSC91/problems/chrX:37148256-49242997,131,1.389323734,0.999293046,648760,5.348411603,39.76914977,466962,21.53034294,722,14,2699.716967,51.95880067,12,758,758,2,4,4,0,1
ATAC_JV_adipose/samples/AD2/MSC70/problems/chr10:18024675-38818835,65,1.322489809,0.998411478,812018,5.171935538,34.74925566,614008,12.10379832,404,7,833.8970528,28.87727572,5,415,415,2,3,3,0,1
ATAC_JV_adipose/samples/AD2/MSC70/problems/chr10:51448845-125869472,173,1.350252047,0.998940562,3255536,5.73870587,44.76539458,2411059,14.75741075,610,8,1411.303825,37.5673239,6,630,630,2,4,4,0,1
ATAC_JV_adipose/samples/AD2/MSC70/problems/chr11:69774695-87688378,92,1.355962092,0.999063124,862758,6.099477281,48.26775597,636271,15.29441543,581,9,1637.161156,40.46184815,7,613,613,2,4,4,0,1
ATAC_JV_adipose/samples/AD2/MSC70/problems/chr12:145739-7189876,114,1.393529873,0.999055737,437521,5.149793025,34.08430045,313967,18.0863371,543,11,1847.517862,42.98276239,9,591,591,2,5,5,0,1
ATAC_JV_adipose/samples/AD2/MSC70/problems/chr12:66500000-109373470,63,1.312016973,0.998658465,1485442,6.005949948,48.17569909,1132183,11.81785718,490,6,960.8317416,30.99728604,4,509,509,2,3,3,0,1
ATAC_JV_adipose/samples/AD2/MSC70/problems/chr14:19050000-107289540,245,1.347665621,0.999119909,3705536,7.122267853,70.20053765,2749597,14.65060043,846,8,1771.281725,42.08659793,6,895,895,2,4,4,0,1
ATAC_JV_adipose/samples/AD2/MSC70/problems/chr16:46510000-88389383,135,1.361788776,0.999016265,2099960,5.828243606,44.78814955,1542061,15.5571122,605,9,1581.021687,39.76206341,7,614,614,2,4,4,0,1
ATAC_JV_adipose/samples/AD2/MSC70/problems/chr1:206482221-223747846,77,1.33106299,0.998547541,714874,5.427489868,39.77362373,537071,12.93417444,429,8,935.2848764,30.58242758,6,432,432,2,4,4,0,1
ATAC_JV_adipose/samples/AD2/MSC70/problems/chr1:521368-2634220,255,1.714897052,0.999563317,218802,14.42386374,343.0672375,127590,38.01752488,1142,22,17053.07976,130.5874411,19,4390,4390,3,7,7,0,1
ATAC_JV_adipose/samples/AD2/MSC70/problems/chr22:20700000-50364777,537,1.406238602,0.999045477,1896954,5.813288425,48.09374733,1348957,18.49948812,792,11,2069.621114,45.49308864,9,827,827,2,5,5,0,1
ATAC_JV_adipose/samples/AD2/MSC70/problems/chr2:162200000-234003741,173,1.320026093,0.998613945,2642782,6.238283672,53.95332199,2002069,12.16437346,554,7,963.8957218,31.04667006,5,581,581,2,3,3,0,1
ATAC_JV_adipose/samples/AD2/MSC70/problems/chr3:60000-66170270,96,1.34222225,0.998914155,2955866,6.237333643,54.04047614,2202219,13.95082914,629,8,1335.86471,36.54948304,6,643,643,2,4,4,0,1
ATAC_JV_adipose/samples/AD2/MSC70/problems/chr4:75452279-190000000,317,1.280168215,0.998145262,3507739,6.873690482,66.56815009,2740062,9.491117719,517,6,641.3772992,25.32542792,5,528,528,1,3,3,0,1
ATAC_JV_adipose/samples/AD2/MSC70/problems/chr6:60000-58087659,126,1.352535096,0.998796893,2463548,5.806209207,48.69441108,1821431,14.49871612,632,9,1210.134816,34.78699206,7,682,682,2,4,4,0,1
ATAC_JV_adipose/samples/AD2/MSC70/problems/chr8:48135599-86500000,98,1.278295245,0.998381144,1218402,8.361126013,106.5116099,953147,9.429323074,601,6,718.1248596,26.79785177,5,626,626,1,3,3,0,1
ATAC_JV_adipose/samples/AD2/MSC70/problems/chr8:87000000-142766515,126,1.317543881,0.998499477,2143802,5.759978972,45.57230081,1627121,11.97065553,530,7,875.5397404,29.58952079,5,586,586,2,3,3,0,1
ATAC_JV_adipose/samples/AD2/MSC70/problems/chrX:37148256-49242997,43,1.299063041,0.998625399,464328,6.723800255,60.13711402,357434,11.00187727,446,6,888.6690794,29.81055316,4,450,450,2,3,3,0,1
ATAC_JV_adipose/samples/AD2/MSC72/problems/chr10:18024675-38818835,66,1.406400259,0.998831653,730068,4.075060144,21.1961425,519105,17.251531,435,12,1425.326673,37.75349881,11,442,442,1,3,3,0,1
ATAC_JV_adipose/samples/AD2/MSC72/problems/chr10:51448845-125869472,140,1.425990726,0.99901349,2900304,4.531484638,27.43443613,2033888,18.79911627,624,13,1825.88634,42.7303913,11,647,647,2,4,4,0,1
ATAC_JV_adipose/samples/AD2/MSC72/problems/chr11:69774695-87688378,58,1.425370693,0.999100915,753746,4.956614625,32.22004864,528808,18.92977981,552,14,1975.255143,44.44384257,12,559,559,2,4,4,0,1
ATAC_JV_adipose/samples/AD2/MSC72/problems/chr12:145739-7189876,131,1.499500533,0.999070377,403796,4.197390845,25.39437371,269288,24.02773239,582,22,2402.209341,49.01233866,20,687,687,2,5,5,0,1
ATAC_JV_adipose/samples/AD2/MSC72/problems/chr12:66500000-109373470,114,1.38553096,0.998887603,1362660,4.728264198,29.9456164,983494,16.24771885,520,10,1464.831192,38.27311317,9,553,553,1,3,3,0,1
ATAC_JV_adipose/samples/AD2/MSC72/problems/chr14:19050000-107289540,162,1.420522363,0.99911254,3292616,5.05136576,34.06605505,2317892,18.65035731,693,12,2070.696383,45.50490505,10,741,741,2,3,3,0,1
ATAC_JV_adipose/samples/AD2/MSC72/problems/chr16:46510000-88389383,235,1.452567858,0.999073506,1857246,4.345174707,23.99428235,1278596,20.40801786,534,15,2122.593194,46.07160941,13,539,539,2,4,4,0,1
ATAC_JV_adipose/samples/AD2/MSC72/problems/chr1:206482221-223747846,64,1.419405631,0.998861653,645452,4.284077006,24.59151045,454735,17.8971203,470,14,1516.451995,38.94164859,12,482,482,2,3,3,0,1
ATAC_JV_adipose/samples/AD2/MSC72/problems/chr1:521368-2634220,532,2.351624651,0.999848959,248602,26.59803873,787.4582155,105716,76.23911234,1573,30,497079.3746,705.0385625,27,25252,25252,3,7,7,0,1
ATAC_JV_adipose/samples/AD2/MSC72/problems/chr22:20700000-50364777,214,1.51393742,0.999139776,1721798,4.06564824,22.04881029,1137299,24.53602966,691,21,2647.39057,51.45279944,19,724,724,2,5,5,0,1
ATAC_JV_adipose/samples/AD2/MSC72/problems/chr2:162200000-234003741,216,1.393297822,0.998811843,2409331,4.829000303,31.92214216,1729230,16.41821736,527,12,1392.215685,37.31240659,11,529,529,1,3,3,0,1
ATAC_JV_adipose/samples/AD2/MSC72/problems/chr3:60000-66170270,113,1.415896599,0.998979539,2555590,4.65073874,29.98143975,1804928,17.94644329,636,12,1711.36046,41.36859268,10,684,684,2,3,3,0,1
ATAC_JV_adipose/samples/AD2/MSC72/problems/chr4:75452279-190000000,295,1.340054453,0.998576341,3092910,5.077279333,34.1828502,2308049,12.90809424,472,7,1014.191455,31.84637271,6,491,491,1,3,3,0,1
ATAC_JV_adipose/samples/AD2/MSC72/problems/chr6:60000-58087659,133,1.43648265,0.998947379,2192548,4.465816493,27.7003469,1526332,19.20670536,605,15,1735.030744,41.65370024,13,634,634,2,4,4,0,1
ATAC_JV_adipose/samples/AD2/MSC72/problems/chr8:48135599-86500000,62,1.329668316,0.998715352,1044864,6.213223916,55.27234619,785809,12.31072691,561,6,1061.870431,32.58635344,5,606,606,1,3,3,0,1
ATAC_JV_adipose/samples/AD2/MSC72/problems/chr8:87000000-142766515,124,1.393144829,0.998770106,1916456,4.485141113,27.00060793,1375634,16.29500071,539,11,1348.767438,36.72556927,10,619,619,1,3,3,0,1
ATAC_JV_adipose/samples/AD2/MSC72/problems/chrX:37148256-49242997,55,1.359404526,0.998603285,401424,4.467365982,25.23260514,295295,13.99030122,359,9,1027.769689,32.05884728,8,366,366,1,3,3,0,1
ATAC_JV_adipose/samples/AD2/MSC73/problems/chr10:18024675-38818835,208,1.407544406,0.999296724,1735194,5.529019508,40.68083978,1232782,21.80385015,809,13,2855.538271,53.43723675,10,838,838,3,6,6,0,1
ATAC_JV_adipose/samples/AD2/MSC73/problems/chr10:51448845-125869472,387,1.465575443,0.999498725,7155272,6.180488605,51.75345618,4882228,27.26969347,1165,16,5079.753035,71.2723862,13,1183,1183,3,6,6,0,1
ATAC_JV_adipose/samples/AD2/MSC73/problems/chr11:69774695-87688378,319,1.47103529,0.999501726,1928236,6.56745966,58.5022378,1310803,27.94119711,1164,17,5246.862247,72.43522794,13,1215,1215,4,7,7,0,1
ATAC_JV_adipose/samples/AD2/MSC73/problems/chr12:145739-7189876,230,1.534559736,0.999519364,936950,5.72793361,45.09244251,610567,33.11046945,1132,22,6290.704267,79.3139601,18,1297,1297,4,8,8,0,1
ATAC_JV_adipose/samples/AD2/MSC73/problems/chr12:66500000-109373470,133,1.386606312,0.9993591,3155726,6.205586577,52.57397862,2275864,20.5735558,938,11,2939.632804,54.21838069,8,980,980,3,5,5,0,1
ATAC_JV_adipose/samples/AD2/MSC73/problems/chr14:19050000-107289540,515,1.448026663,0.999524604,7944662,7.671557792,84.12151789,5486545,25.79583308,1550,14,5399.569753,73.48176477,11,1621,1621,3,6,6,0,1
ATAC_JV_adipose/samples/AD2/MSC73/problems/chr16:46510000-88389383,272,1.479918982,0.999505774,4564449,6.175030446,53.01241854,3084257,28.45721449,1291,17,5218.695384,72.24053837,13,1367,1367,4,7,7,0,1
ATAC_JV_adipose/samples/AD2/MSC73/problems/chr1:206482221-223747846,165,1.424634478,0.999318871,1521890,5.472046713,41.19071289,1068268,23.19205761,851,14,3042.491059,55.15878044,11,925,925,3,6,6,0,1
ATAC_JV_adipose/samples/AD2/MSC73/problems/chr1:521368-2634220,289,1.786346295,0.999586799,464952,12.7584393,349.080148,260282,50.77591996,1270,39,16725.82014,129.3283424,32,5272,5272,7,12,12,0,1
ATAC_JV_adipose/samples/AD2/MSC73/problems/chr22:20700000-50364777,1059,1.551021627,0.999462416,4181925,5.899616703,50.33558699,2696240,33.81013523,1477,22,6643.284543,81.50634664,17,1623,1623,5,8,8,0,1
ATAC_JV_adipose/samples/AD2/MSC73/problems/chr2:162200000-234003741,418,1.406535703,0.999335548,5690143,6.443979113,59.07540643,4045503,21.87907882,1062,13,3107.276863,55.74295348,10,1106,1106,3,6,6,0,1
ATAC_JV_adipose/samples/AD2/MSC73/problems/chr3:60000-66170270,139,1.443024239,0.999468016,6324452,6.43599458,58.92643897,4382777,25.11536498,1270,14,4314.846662,65.68749243,11,1322,1322,3,6,6,0,1
ATAC_JV_adipose/samples/AD2/MSC73/problems/chr4:75452279-190000000,660,1.342975855,0.999186155,7383089,7.03129697,74.14971094,5497560,17.14294833,1101,9,2097.81391,45.80189854,6,1188,1188,3,5,5,0,1
ATAC_JV_adipose/samples/AD2/MSC73/problems/chr6:60000-58087659,250,1.464787156,0.999396283,5262554,5.642677161,46.03518475,3592710,26.56268917,1117,17,3884.649126,62.32695344,14,1183,1183,3,7,7,0,1
ATAC_JV_adipose/samples/AD2/MSC73/problems/chr8:48135599-86500000,227,1.338865482,0.999291746,2554554,7.997411158,98.54716608,1908000,16.94696908,1114,9,2324.65866,48.21471414,6,1228,1228,3,5,5,0,1
ATAC_JV_adipose/samples/AD2/MSC73/problems/chr8:87000000-142766515,224,1.400381128,0.999315533,4573775,6.144527951,54.06470801,3266094,21.45286082,1052,12,2886.618776,53.72726288,9,1194,1194,3,6,6,0,1
ATAC_JV_adipose/samples/AD2/MSC73/problems/chrX:37148256-49242997,78,1.369398708,0.999344301,954538,7.005272297,69.65760792,697050,19.39283982,891,11,2650.262191,51.48069726,8,1002,1002,3,5,5,0,1
ATAC_JV_adipose/samples/AD2/MSC74/problems/chr10:18024675-38818835,115,1.354452788,0.99892993,1110184,5.044103777,33.34992056,819656,15.7162212,549,8,1467.850127,38.31253225,6,569,569,2,4,4,0,1
ATAC_JV_adipose/samples/AD2/MSC74/problems/chr10:51448845-125869472,213,1.38426884,0.999171908,4379493,5.553984577,41.45818391,3163760,18.05822155,733,10,2109.016286,45.92402733,8,742,742,2,4,4,0,1
ATAC_JV_adipose/samples/AD2/MSC74/problems/chr11:69774695-87688378,97,1.385462625,0.999269064,1134874,6.257139099,52.2009436,819131,18.2811101,759,10,2394.851297,48.93721791,8,795,795,2,4,4,0,1
ATAC_JV_adipose/samples/AD2/MSC74/problems/chr12:145739-7189876,159,1.454557506,0.999226932,570572,5.053587445,35.51465367,392266,22.98356217,700,15,2834.499875,53.24002137,12,829,829,3,5,5,0,1
ATAC_JV_adipose/samples/AD2/MSC74/problems/chr12:66500000-109373470,94,1.33473094,0.999025406,2109940,5.799100564,44.95449116,1580799,14.7986145,610,8,1513.577408,38.90472218,6,622,622,2,4,4,0,1
ATAC_JV_adipose/samples/AD2/MSC74/problems/chr14:19050000-107289540,274,1.376697154,0.999252212,4944244,6.356887296,54.01660959,3591382,17.67005181,873,9,2402.22535,49.01250197,7,985,985,2,4,4,0,1
ATAC_JV_adipose/samples/AD2/MSC74/problems/chr16:46510000-88389383,157,1.406608229,0.999244839,2748836,5.537918445,40.43633167,1954231,19.48253712,741,10,2484.65989,49.84636286,8,767,767,2,4,4,0,1
ATAC_JV_adipose/samples/AD2/MSC74/problems/chr1:206482221-223747846,188,1.366531053,0.998961581,976094,5.144518863,35.83397596,714287,16.55996399,579,9,1579.753563,39.74611381,7,617,617,2,4,4,0,1
ATAC_JV_adipose/samples/AD2/MSC74/problems/chr1:521368-2634220,207,1.770181411,0.999614025,265706,15.23139818,395.2786456,150102,42.34485217,1292,25,20764.78976,144.0999298,21,5253,5253,4,7,7,0,1
ATAC_JV_adipose/samples/AD2/MSC74/problems/chr22:20700000-50364777,207,1.469664536,0.999295005,2424219,5.204564911,37.92056357,1649506,23.56341474,909,16,3112.573384,55.79044169,13,974,974,3,5,5,0,1
ATAC_JV_adipose/samples/AD2/MSC74/problems/chr2:162200000-234003741,252,1.34527073,0.998977419,3736476,5.868520701,47.7378883,2777491,15.42766043,679,9,1515.410975,38.92827989,7,682,682,2,4,4,0,1
ATAC_JV_adipose/samples/AD2/MSC74/problems/chr3:60000-66170270,167,1.370242241,0.999136042,3922798,5.866072202,48.22090717,2862851,16.9030215,798,9,1928.686386,43.91681211,7,878,878,2,4,4,0,1
ATAC_JV_adipose/samples/AD2/MSC74/problems/chr4:75452279-190000000,408,1.290419841,0.99868732,4986070,6.639190686,61.03376117,3863914,11.62439692,641,6,1009.871693,31.77847845,4,684,684,2,3,3,0,1
ATAC_JV_adipose/samples/AD2/MSC74/problems/chr6:60000-58087659,152,1.390454629,0.999097403,3263778,5.40541082,40.75338775,2347275,18.22891992,723,11,1924.011091,43.86355082,9,763,763,2,4,4,0,1
ATAC_JV_adipose/samples/AD2/MSC74/problems/chr8:48135599-86500000,80,1.288129747,0.998861885,1695466,8.031203306,97.09203241,1316224,11.47370053,740,6,1114.632933,33.38611887,4,811,811,2,3,3,0,1
ATAC_JV_adipose/samples/AD2/MSC74/problems/chr8:87000000-142766515,115,1.343850353,0.998935036,2966168,5.676346355,45.70383465,2207217,14.99396027,684,8,1417.49631,37.64965219,6,861,861,2,4,4,0,1
ATAC_JV_adipose/samples/AD2/MSC74/problems/chrX:37148256-49242997,96,1.322522538,0.998801785,610852,5.762971649,44.1215237,461885,13.42482653,488,7,1154.978207,33.98497031,5,518,518,2,4,4,0,1
ATAC_JV_adipose/samples/AD2/MSC80/problems/chr10:18024675-38818835,207,1.371779344,0.999487847,1444068,5.046771643,34.30557061,1052698,26.32874576,914,17,4028.2318,63.46835274,14,990,990,3,5,5,0,1
ATAC_JV_adipose/samples/AD2/MSC80/problems/chr10:51448845-125869472,302,1.4070666,0.999574839,5805917,5.190361204,36.7306109,4126257,30.18986239,1199,19,5412.336607,73.56858438,16,1268,1268,3,6,6,0,1
ATAC_JV_adipose/samples/AD2/MSC80/problems/chr11:69774695-87688378,274,1.39926842,0.999601657,1506798,5.854670118,45.83123967,1076848,29.85975922,1076,20,5695.566766,75.46897883,17,1127,1127,3,6,6,0,1
ATAC_JV_adipose/samples/AD2/MSC80/problems/chr12:145739-7189876,355,1.524896581,0.999537642,813543,4.485197739,27.25630339,533508,40.6497091,1033,35,7587.261566,87.1048883,31,1170,1170,4,8,8,0,1
ATAC_JV_adipose/samples/AD2/MSC80/problems/chr12:66500000-109373470,235,1.352344505,0.999535575,2662316,5.437666805,40.1186645,1968668,25.22329717,1015,14,4157.406586,64.47795426,12,1108,1108,2,5,5,0,1
ATAC_JV_adipose/samples/AD2/MSC80/problems/chr14:19050000-107289540,293,1.396963184,0.999604056,6478678,5.850678016,47.15101889,4637688,29.38331751,1282,17,5811.397304,76.2325213,14,1349,1349,3,5,5,0,1
ATAC_JV_adipose/samples/AD2/MSC80/problems/chr16:46510000-88389383,267,1.432522133,0.999591934,3733114,5.061679416,34.17972068,2605974,32.6152406,1085,23,5957.799916,77.18678589,20,1137,1137,3,6,6,0,1
ATAC_JV_adipose/samples/AD2/MSC80/problems/chr1:206482221-223747846,374,1.399500215,0.999483316,1297054,4.938918745,34.63518656,926799,28.73543239,928,20,4350.711672,65.95992474,17,965,965,3,5,5,0,1
ATAC_JV_adipose/samples/AD2/MSC80/problems/chr1:521368-2634220,633,1.955143149,0.999848496,429412,37.85137913,1600.282061,219633,69.81248264,1400,52,329719.4677,574.2120408,46,28749,28749,6,13,13,0,1
ATAC_JV_adipose/samples/AD2/MSC80/problems/chr22:20700000-50364777,328,1.510315635,0.999599792,3490569,4.784382587,31.95271891,2311153,39.30964934,1278,33,7415.83592,86.11524789,29,1399,1399,4,8,8,0,1
ATAC_JV_adipose/samples/AD2/MSC80/problems/chr2:162200000-234003741,544,1.355013821,0.999491044,4702463,5.926268537,50.93385202,3470418,25.2302639,1168,16,3955.618944,62.89371148,14,1262,1262,2,5,5,0,1
ATAC_JV_adipose/samples/AD2/MSC80/problems/chr3:60000-66170270,275,1.392054041,0.999566812,5163766,5.377068924,41.06293257,3709459,28.81124202,1239,17,5114.856026,71.51822164,14,1487,1487,3,5,5,0,1
ATAC_JV_adipose/samples/AD2/MSC80/problems/chr4:75452279-190000000,526,1.280077098,0.999384354,6011676,6.095579285,51.11756141,4696340,18.80597699,951,9,2553.096866,50.52817893,7,1020,1020,2,4,4,0,1
ATAC_JV_adipose/samples/AD2/MSC80/problems/chr6:60000-58087659,190,1.424577563,0.999548144,4350412,4.859888101,32.8361692,3053827,31.2112546,1091,23,5005.589947,70.75019397,20,1144,1144,3,6,6,0,1
ATAC_JV_adipose/samples/AD2/MSC80/problems/chr8:48135599-86500000,156,1.257550556,0.999427417,1976291,7.498421083,84.00680092,1571541,17.21456392,1042,8,2473.890056,49.73821524,6,1131,1131,2,4,4,0,1
ATAC_JV_adipose/samples/AD2/MSC80/problems/chr8:87000000-142766515,202,1.353192276,0.999470903,3848104,5.070088538,34.61142757,2843724,25.11043512,921,16,3591.323407,59.92765144,13,1084,1084,3,5,5,0,1
ATAC_JV_adipose/samples/AD2/MSC80/problems/chrX:37148256-49242997,92,1.322481888,0.999462113,753369,5.295845751,38.0754225,569664,22.72001917,746,14,3052.167961,55.2464294,12,789,789,2,5,5,0,1
ATAC_JV_adipose/samples/AD2/MSC83/problems/chr10:18024675-38818835,231,1.327488481,0.999488438,2218366,6.208494349,51.83003509,1671101,23.35667443,968,13,3491.880635,59.09213683,9,1029,1029,4,7,7,0,1
ATAC_JV_adipose/samples/AD2/MSC83/problems/chr10:51448845-125869472,436,1.364615091,0.999566092,8863407,6.242003856,53.64768151,6495171,27.04065189,1326,15,4780.375509,69.14025968,11,1443,1443,4,7,7,0,1
ATAC_JV_adipose/samples/AD2/MSC83/problems/chr11:69774695-87688378,190,1.365868946,0.999618972,2235866,7.109190961,68.1160876,1636956,27.34836795,1251,15,5406.420082,73.52836243,10,1295,1295,5,8,8,0,1
ATAC_JV_adipose/samples/AD2/MSC83/problems/chr12:145739-7189876,308,1.442604473,0.999568358,1136504,5.695169987,46.04461209,787815,34.17711772,1186,21,6307.72526,79.42118899,15,1304,1304,6,9,9,0,1
ATAC_JV_adipose/samples/AD2/MSC83/problems/chr12:66500000-109373470,354,1.314959122,0.999521025,4258098,6.786851668,62.19741156,3238199,22.4396484,1132,12,3717.18077,60.9686868,8,1197,1197,4,6,6,0,1
ATAC_JV_adipose/samples/AD2/MSC83/problems/chr14:19050000-107289540,435,1.355052045,0.999604117,10044181,7.492844362,79.3377817,7412396,26.33768528,1528,14,5394.708916,73.4486822,10,1584,1584,4,7,7,0,1
ATAC_JV_adipose/samples/AD2/MSC83/problems/chr16:46510000-88389383,193,1.382546777,0.999608126,5478643,6.350446838,54.74140456,3962719,28.78679185,1258,16,5416.454903,73.59656856,11,1281,1281,5,8,8,0,1
ATAC_JV_adipose/samples/AD2/MSC83/problems/chr1:206482221-223747846,195,1.351786028,0.999494225,1966946,5.918098662,50.02345272,1455073,25.48099099,1058,14,3857.722932,62.11057022,10,1127,1127,4,7,7,0,1
ATAC_JV_adipose/samples/AD2/MSC83/problems/chr1:521368-2634220,696,1.85900662,0.999846518,568118,44.80800393,2238.618568,305604,63.90609089,1561,44,288509.5733,537.1308717,36,31488,31488,8,14,14,0,1
ATAC_JV_adipose/samples/AD2/MSC83/problems/chr22:20700000-50364777,371,1.458335724,0.999617569,4956100,5.90856308,49.68669227,3398464,35.50812632,1470,23,6988.086434,83.59477516,17,1563,1563,6,10,10,0,1
ATAC_JV_adipose/samples/AD2/MSC83/problems/chr2:162200000-234003741,593,1.329404713,0.999490191,7467923,6.817398906,67.05937098,5617495,23.72605904,1270,13,3727.081663,61.04982934,9,1383,1383,4,7,7,0,1
ATAC_JV_adipose/samples/AD2/MSC83/problems/chr3:60000-66170270,480,1.35399846,0.999568406,7947646,6.614035875,62.20499243,5869761,26.14667463,1406,14,4744.168132,68.87792195,10,1694,1694,4,7,7,0,1
ATAC_JV_adipose/samples/AD2/MSC83/problems/chr4:75452279-190000000,815,1.261346098,0.999348681,9946689,7.501869328,79.97146427,7885774,17.64776089,1130,10,2286.884194,47.821378,6,1203,1203,4,6,6,0,1
ATAC_JV_adipose/samples/AD2/MSC83/problems/chr6:60000-58087659,355,1.38553388,0.999547938,6601814,5.785584187,46.58674704,4764817,28.5487747,1213,17,4686.888323,68.46085248,12,1277,1277,5,8,8,0,1
ATAC_JV_adipose/samples/AD2/MSC83/problems/chr8:48135599-86500000,140,1.246627703,0.999402202,3341330,8.952135305,123.1439705,2680296,16.57695381,1180,10,2240.337541,47.33220406,6,1460,1460,4,6,6,0,1
ATAC_JV_adipose/samples/AD2/MSC83/problems/chr8:87000000-142766515,217,1.317544075,0.999469569,5911147,6.271841356,53.8809743,4486490,22.60739197,1079,13,3211.462055,56.66976315,9,1287,1287,4,7,7,0,1
ATAC_JV_adipose/samples/AD2/MSC83/problems/chrX:37148256-49242997,241,1.292256413,0.999453656,1230546,6.879054925,64.71184869,952247,20.56072637,920,12,2881.829668,53.68267568,8,974,974,4,7,7,0,1
ATAC_JV_adipose/samples/AD2/MSC91/problems/chr10:18024675-38818835,157,1.349304222,0.999218686,1071836,5.047684767,32.42944559,794363,18.99835592,595,11,2163.944164,46.51821325,9,616,616,2,4,4,0,1
ATAC_JV_adipose/samples/AD2/MSC91/problems/chr10:51448845-125869472,307,1.375635396,0.999384264,4294830,5.727566463,45.61304871,3122071,21.63499709,964,12,3073.469903,55.43888439,10,993,993,2,4,4,0,1
ATAC_JV_adipose/samples/AD2/MSC91/problems/chr11:69774695-87688378,90,1.37830665,0.999477239,1116580,6.164419386,49.23956188,810111,22.10857895,856,12,3582.532039,59.85425665,10,928,928,2,5,5,0,1
ATAC_JV_adipose/samples/AD2/MSC91/problems/chr12:145739-7189876,503,1.449177862,0.999269177,578164,4.962836491,33.20261765,398961,27.45852853,765,19,4057.928224,63.70186986,16,917,917,3,6,6,0,1
ATAC_JV_adipose/samples/AD2/MSC91/problems/chr12:66500000-109373470,137,1.328131463,0.999313945,1936162,5.914322239,47.47852739,1457810,17.97389166,790,9,2312.977614,48.09342589,7,840,840,2,4,4,0,1
ATAC_JV_adipose/samples/AD2/MSC91/problems/chr14:19050000-107289540,391,1.373716717,0.999438158,4864754,6.579702908,59.52545541,3541309,21.57460306,1126,11,3663.03184,60.52298605,9,1243,1243,2,4,4,0,1
ATAC_JV_adipose/samples/AD2/MSC91/problems/chr16:46510000-88389383,121,1.401537609,0.999438303,2820195,5.39049576,38.41973955,2012216,23.85207105,871,14,3524.079401,59.36395709,12,899,899,2,5,5,0,1
ATAC_JV_adipose/samples/AD2/MSC91/problems/chr1:206482221-223747846,106,1.35505386,0.999187592,930506,5.018710198,34.69727328,686694,19.44975637,636,12,2050.881275,45.2866567,10,659,659,2,4,4,0,1
ATAC_JV_adipose/samples/AD2/MSC91/problems/chr1:521368-2634220,577,1.923459917,0.999842214,352324,35.85465068,1410.259277,183173,57.87061958,1184,36,278807.6044,528.0223522,31,24641,24641,5,10,10,0,1
ATAC_JV_adipose/samples/AD2/MSC91/problems/chr22:20700000-50364777,751,1.460626173,0.999396261,2624995,5.387132019,40.82653477,1797172,27.87862931,1068,19,4409.68001,66.40542154,16,1162,1162,3,6,6,0,1
ATAC_JV_adipose/samples/AD2/MSC91/problems/chr2:162200000-234003741,310,1.336790051,0.999273338,3476634,6.555995051,63.19513733,2600734,18.33883627,957,11,2291.958868,47.87440723,9,1047,1047,2,4,4,0,1
ATAC_JV_adipose/samples/AD2/MSC91/problems/chr3:60000-66170270,196,1.372020622,0.999406434,3866752,5.847079705,47.88400555,2818291,21.35982835,1002,11,3122.708705,55.88120171,9,1087,1087,2,4,4,0,1
ATAC_JV_adipose/samples/AD2/MSC91/problems/chr4:75452279-190000000,312,1.27578631,0.99906682,4435340,6.492401947,58.15442345,3476555,13.74470302,760,7,1440.006087,37.94741212,5,820,820,2,3,3,0,1
ATAC_JV_adipose/samples/AD2/MSC91/problems/chr6:60000-58087659,212,1.387812916,0.999315378,3242110,5.284464334,39.41961585,2336130,22.13189549,862,15,2703.745425,51.99755211,13,942,942,2,5,5,0,1
ATAC_JV_adipose/samples/AD2/MSC91/problems/chr8:48135599-86500000,141,1.267176595,0.99915991,1513868,8.589952348,118.6806916,1194679,13.19743714,877,7,1542.038454,39.26879746,5,1083,1083,2,3,3,0,1
ATAC_JV_adipose/samples/AD2/MSC91/problems/chr8:87000000-142766515,159,1.327976635,0.999208804,2839060,5.614982005,43.20309819,2137885,17.64126274,754,10,1958.9114,44.25959105,8,801,801,2,4,4,0,1
ATAC_JV_adipose/samples/AD2/MSC91/problems/chrX:37148256-49242997,96,1.31935922,0.999259007,588706,6.043337233,50.26067983,446207,17.09961968,675,9,2028.163612,45.03513753,7,788,788,2,4,4,0,1
ATAC_JV_adipose/samples/Ai/MSC77/problems/chr10:18024675-38818835,256,1.505330314,0.999543304,1599284,5.264652902,37.65762052,1062415,31.96743551,1163,19,6470.832893,80.44148739,16,1268,1268,3,5,5,0,1
ATAC_JV_adipose/samples/Ai/MSC77/problems/chr11:69774695-87688378,279,1.545425445,0.99967746,1588362,6.636975238,58.01165677,1027784,36.08638683,1635,17,11557.42139,107.5054482,14,1791,1791,3,6,6,0,1
ATAC_JV_adipose/samples/Ai/MSC77/problems/chr12:145739-7189876,356,1.650387713,0.99964689,883271,5.503774186,40.48708402,535191,45.10932172,1433,30,13233.25115,115.035869,26,1852,1852,4,7,7,0,1
ATAC_JV_adipose/samples/Ai/MSC77/problems/chr14:19050000-107289540,481,1.541376671,0.999663162,6924348,7.109110852,70.74922835,4492315,35.63033981,2049,16,11499.15441,107.2341103,13,2241,2241,3,5,5,0,1
ATAC_JV_adipose/samples/Ai/MSC77/problems/chr16:46510000-88389383,246,1.564018302,0.999654539,4047817,5.900610943,46.55980787,2588089,37.81228273,1609,22,10360.763,101.7878332,19,1762,1762,3,6,6,0,1
ATAC_JV_adipose/samples/Ai/MSC77/problems/chr1:206482221-223747846,118,1.50016722,0.999560995,1345686,5.473492735,41.21104929,897025,31.39277835,1166,18,6496.730905,80.60230086,15,1277,1277,3,5,5,0,1
ATAC_JV_adipose/samples/Ai/MSC77/problems/chr3:60000-66170270,220,1.537915755,0.999642266,5608748,6.23020165,56.10283201,3646981,35.3652506,1805,18,9589.53119,97.92615172,15,2125,2125,3,6,6,0,1
ATAC_JV_adipose/samples/Ai/MSC77/problems/chr4:75452279-190000000,353,1.393377979,0.999502739,6288698,6.661579773,62.4025064,4513276,22.85203918,1346,10,4442.608282,66.65289402,8,1437,1437,2,4,4,0,1
ATAC_JV_adipose/samples/Ai/MSC77/problems/chrX:37148256-49242997,174,1.447014165,0.999566379,884758,6.344413998,55.27663403,611438,27.72070758,1126,14,5912.580074,76.89330318,11,1189,1189,3,5,5,0,1
ATAC_JV_adipose/samples/Ai/MSC80/problems/chr10:18024675-38818835,116,1.435669763,0.999391388,991798,4.525019064,28.4064946,690827,26.63485069,794,21,3552.857483,59.60585108,19,870,870,2,4,4,0,1
ATAC_JV_adipose/samples/Ai/MSC80/problems/chr11:69774695-87688378,186,1.463583027,0.99955856,970900,5.343517342,36.79479258,663373,29.51326177,944,20,5730.659024,75.7011164,18,979,979,2,4,4,0,1
ATAC_JV_adipose/samples/Ai/MSC80/problems/chr12:145739-7189876,227,1.565225493,0.999515397,562769,4.729607664,30.39784526,359546,38.08285727,1010,33,7176.889323,84.71652332,30,1138,1138,3,6,6,0,1
ATAC_JV_adipose/samples/Ai/MSC80/problems/chr14:19050000-107289540,219,1.465599165,0.999562036,4284899,5.597402962,42.65043481,2923651,29.71880809,1181,20,5933.311604,77.02799234,18,1210,1210,2,4,4,0,1
ATAC_JV_adipose/samples/Ai/MSC80/problems/chr16:46510000-88389383,164,1.490598457,0.999537042,2511484,4.879769433,31.80944134,1684884,31.93215913,1044,24,5659.711296,75.23105274,22,1071,1071,2,5,5,0,1
ATAC_JV_adipose/samples/Ai/MSC80/problems/chr1:206482221-223747846,333,1.452122647,0.999390095,873642,4.423944651,26.25046397,601632,27.87486537,761,21,3938.685888,62.75895066,19,792,792,2,4,4,0,1
ATAC_JV_adipose/samples/Ai/MSC80/problems/chr3:60000-66170270,186,1.460063115,0.999513067,3454302,5.155262336,38.46729842,2365859,29.03435031,1145,20,4991.469217,70.65033062,18,1412,1412,2,4,4,0,1
ATAC_JV_adipose/samples/Ai/MSC80/problems/chr4:75452279-190000000,293,1.350315036,0.999315159,3868527,5.35809913,39.34950233,2864908,19.74275614,853,11,2557.144984,50.56822109,10,913,913,1,3,3,0,1
ATAC_JV_adipose/samples/Ai/MSC80/problems/chrX:37148256-49242997,65,1.371104846,0.999330451,519380,4.879343156,32.60937886,378805,21.79201436,628,15,2605.351755,51.04264644,13,660,660,2,4,4,0,1
ATAC_JV_adipose/samples/Ai/MSC83/problems/chr10:18024675-38818835,178,1.437141575,0.999083358,890634,4.636264858,28.54716915,619727,20.37232039,611,15,2182.196791,46.71398925,13,641,641,2,4,4,0,1
ATAC_JV_adipose/samples/Ai/MSC83/problems/chr11:69774695-87688378,103,1.489228557,0.999448074,886712,5.950475709,47.02938393,595418,24.52163018,940,15,4448.858244,66.69976195,13,977,977,2,4,4,0,1
ATAC_JV_adipose/samples/Ai/MSC83/problems/chr12:145739-7189876,207,1.56769793,0.999375703,484276,4.911383775,32.69752004,308910,30.22786896,860,24,4956.143133,70.3998802,22,1021,1021,2,5,5,0,1
ATAC_JV_adipose/samples/Ai/MSC83/problems/chr14:19050000-107289540,200,1.486583364,0.999454687,3930406,6.376884309,55.5040298,2643920,24.49812967,1151,14,4710.374349,68.63216701,12,1196,1196,2,4,4,0,1
ATAC_JV_adipose/samples/Ai/MSC83/problems/chr16:46510000-88389383,106,1.504609944,0.999375365,2259390,5.190558707,36.0134882,1501646,25.62666567,941,18,3957.548753,62.90905144,16,1062,1062,2,4,4,0,1
ATAC_JV_adipose/samples/Ai/MSC83/problems/chr1:206482221-223747846,107,1.450081455,0.999125102,741460,4.81390653,31.12506872,511324,20.63687603,620,15,2339.706486,48.37051257,13,643,643,2,4,4,0,1
ATAC_JV_adipose/samples/Ai/MSC83/problems/chr3:60000-66170270,197,1.476856148,0.999339588,3106242,5.609799865,44.60050813,2103281,23.3489063,1000,14,3577.754676,59.81433503,12,1089,1089,2,4,4,0,1
ATAC_JV_adipose/samples/Ai/MSC83/problems/chr4:75452279-190000000,146,1.366459021,0.998990268,3612602,5.898430504,49.32338101,2643770,15.15004482,755,8,1608.943863,40.11164249,7,796,796,1,3,3,0,1
ATAC_JV_adipose/samples/Ai/MSC83/problems/chrX:37148256-49242997,93,1.412443882,0.999209622,484190,5.784856898,45.30176905,342804,18.80361956,659,11,2365.024357,48.63151609,9,677,677,2,3,3,0,1
ATAC_JV_adipose/samples/Ai/MSC91/problems/chr10:18024675-38818835,148,1.470572685,0.999331168,956784,4.608386285,27.91162356,650621,25.84180652,751,19,3554.772229,59.62191064,17,782,782,2,4,4,0,1
ATAC_JV_adipose/samples/Ai/MSC91/problems/chr11:69774695-87688378,122,1.528891354,0.99957269,981244,5.730664989,42.84843117,641802,31.40432719,1116,20,7060.987647,84.02968313,18,1169,1169,2,5,5,0,1
ATAC_JV_adipose/samples/Ai/MSC91/problems/chr12:145739-7189876,632,1.639434352,0.999429932,537582,5.141219422,36.89290888,327908,40.19299621,1152,34,8860.587303,94.13069267,32,1391,1391,2,6,6,0,1
ATAC_JV_adipose/samples/Ai/MSC91/problems/chr14:19050000-107289540,545,1.53045531,0.999558877,4229049,6.467318465,58.45925098,2763263,31.40562914,1537,19,7694.065334,87.71582146,17,1615,1615,2,4,4,0,1
ATAC_JV_adipose/samples/Ai/MSC91/problems/chr16:46510000-88389383,196,1.561052736,0.999540363,2591257,5.24442621,37.17109993,1659943,34.01198234,1214,25,6893.716235,83.02840619,23,1303,1303,2,5,5,0,1
ATAC_JV_adipose/samples/Ai/MSC91/problems/chr1:206482221-223747846,95,1.46845265,0.999319856,797872,4.521427272,27.16415423,543343,25.48799929,715,19,3375.289181,58.09723901,17,788,788,2,4,4,0,1
ATAC_JV_adipose/samples/Ai/MSC91/problems/chr3:60000-66170270,149,1.518642804,0.999521909,3420872,5.47246841,41.39174829,2252586,30.18127699,1232,19,6002.809152,77.4777978,17,1279,1279,2,4,4,0,1
ATAC_JV_adipose/samples/Ai/MSC91/problems/chr4:75452279-190000000,170,1.381563174,0.999295887,3681001,6.02090477,52.14628981,2664375,19.15308281,999,11,2656.481612,51.54106724,10,1077,1077,1,3,3,0,1
ATAC_JV_adipose/samples/Ai/MSC91/problems/chrX:37148256-49242997,88,1.449188859,0.999445588,519098,5.783667328,46.27894018,358200,24.90025963,870,16,4094.588648,63.98897286,14,925,925,2,4,4,0,1
ATAC_JV_adipose/samples/ND2/MSC77/problems/chr10:18024675-38818835,82,1.377111041,0.999394976,714554,4.507206456,27.21928954,518880,25.10147626,643,21,3015.571032,54.91421521,19,681,681,2,4,4,0,1
ATAC_JV_adipose/samples/ND2/MSC77/problems/chr10:51448845-125869472,231,1.390234973,0.999421416,2851846,4.550496087,29.32218691,2051342,26.86375846,864,23,3394.737065,58.26437217,21,919,919,2,5,5,0,1
ATAC_JV_adipose/samples/ND2/MSC77/problems/chr11:69774695-87688378,134,1.401561546,0.999495498,757530,5.288470872,41.79004095,540491,27.82855219,889,23,4054.435476,63.67444916,21,1041,1041,2,5,5,0,1
ATAC_JV_adipose/samples/ND2/MSC77/problems/chr12:145739-7189876,148,1.458246061,0.999386098,426082,3.696763526,18.24466237,292189,32.55648912,660,33,3820.944611,61.81378981,31,688,688,2,7,7,0,1
ATAC_JV_adipose/samples/ND2/MSC77/problems/chr12:66500000-109373470,150,1.364377576,0.999398832,1360807,4.627351156,30.43885003,997384,24.47253916,766,20,3006.571222,54.83220971,18,793,793,2,4,4,0,1
ATAC_JV_adipose/samples/ND2/MSC77/problems/chr14:19050000-107289540,211,1.393357109,0.999443554,3252912,4.68046357,29.70113353,2334587,27.20638683,849,23,3726.823173,61.04771227,21,880,880,2,4,4,0,1
ATAC_JV_adipose/samples/ND2/MSC77/problems/chr16:46510000-88389383,150,1.403327207,0.99946526,1812529,4.569429827,29.47389676,1291595,28.37885792,888,25,3765.194086,61.36117736,23,1036,1036,2,5,5,0,1
ATAC_JV_adipose/samples/ND2/MSC77/problems/chr1:206482221-223747846,81,1.399096186,0.99936786,696596,4.07147322,22.54134461,497891,26.92473051,657,26,3013.041668,54.89118024,24,711,711,2,5,5,0,1
ATAC_JV_adipose/samples/ND2/MSC77/problems/chr1:521368-2634220,574,1.968113935,0.999842205,230228,29.00231171,911.9444446,116980,63.97764575,1110,37,424496.605,651.5340398,34,24090,24090,3,9,9,0,1
ATAC_JV_adipose/samples/ND2/MSC77/problems/chr22:20700000-50364777,228,1.443359764,0.999429312,1804103,4.104342609,23.61388529,1249934,31.39744899,829,31,3846.818978,62.02272953,29,867,867,2,7,7,0,1
ATAC_JV_adipose/samples/ND2/MSC77/problems/chr2:162200000-234003741,371,1.366843298,0.999387313,2448682,4.553258058,27.65903709,1791488,24.96926131,704,21,3060.702435,55.32361552,19,712,712,2,4,4,0,1
ATAC_JV_adipose/samples/ND2/MSC77/problems/chr3:60000-66170270,135,1.376859785,0.999431481,2527496,4.641441298,30.4924576,1835697,25.90388501,887,21,3329.936167,57.70559909,19,956,956,2,4,4,0,1
ATAC_JV_adipose/samples/ND2/MSC77/problems/chr4:75452279-190000000,580,1.302023225,0.999179516,2932862,4.993178919,34.67042193,2252543,18.99069541,685,14,2009.250685,44.82466603,13,718,718,1,3,3,0,1
ATAC_JV_adipose/samples/ND2/MSC77/problems/chr6:60000-58087659,164,1.399918221,0.999365878,2177444,4.149289602,23.77378598,1555409,27.14053024,737,26,3024.536878,54.99578964,24,742,742,2,5,5,0,1
ATAC_JV_adipose/samples/ND2/MSC77/problems/chr8:48135599-86500000,327,1.279202839,0.999246732,905627,5.974235253,51.67650809,707963,17.50941222,729,11,2038.582084,45.15065984,10,789,789,1,3,3,0,1
ATAC_JV_adipose/samples/ND2/MSC77/problems/chr8:87000000-142766515,288,1.366750878,0.999291658,1916223,4.244774664,24.5088128,1402029,24.15197902,720,21,2657.632839,51.55223408,19,767,767,2,4,4,0,1
ATAC_JV_adipose/samples/ND2/MSC77/problems/chrX:37148256-49242997,114,1.325178611,0.999244092,365960,4.238597778,23.78838377,276160,21.31298523,493,18,2090.104227,45.71765772,17,504,504,1,4,4,0,1
ATAC_JV_adipose/samples/ND2/MSC80/problems/chr10:18024675-38818835,127,1.384228896,0.999256039,675811,5.130954149,38.77401362,488223,22.04124754,700,18,2400.380612,48.9936793,16,759,759,2,4,4,0,1
ATAC_JV_adipose/samples/ND2/MSC80/problems/chr10:51448845-125869472,151,1.425914979,0.999433833,3032010,5.280928826,42.48021036,2126362,26.75420977,1073,22,3690.27805,60.7476588,20,1285,1285,2,5,5,0,1
ATAC_JV_adipose/samples/ND2/MSC80/problems/chr11:69774695-87688378,144,1.419449171,0.999444409,806734,5.652989211,48.3314404,568344,26.42500493,936,22,3707.436509,60.88872235,20,1038,1038,2,5,5,0,1
ATAC_JV_adipose/samples/ND2/MSC80/problems/chr12:145739-7189876,189,1.484132456,0.999332239,477858,4.353216427,27.52004313,321979,31.52938856,739,30,3993.766509,63.19625391,27,894,894,3,7,7,0,1
ATAC_JV_adipose/samples/ND2/MSC80/problems/chr12:66500000-109373470,85,1.395303308,0.999365547,1339187,5.608109695,48.76549284,959783,23.24451881,917,18,2923.718922,54.07142426,16,1037,1037,2,4,4,0,1
ATAC_JV_adipose/samples/ND2/MSC80/problems/chr14:19050000-107289540,183,1.426077027,0.999444229,3401844,5.302029989,39.0239245,2385457,26.67564077,970,22,3849.130816,62.04136375,20,1023,1023,2,5,5,0,1
ATAC_JV_adipose/samples/ND2/MSC80/problems/chr16:46510000-88389383,135,1.434846567,0.999440609,2040524,5.263551936,41.46053856,1422121,28.18722739,994,26,3811.526494,61.73756145,24,1153,1153,2,6,6,0,1
ATAC_JV_adipose/samples/ND2/MSC80/problems/chr1:206482221-223747846,202,1.443581815,0.999333993,740416,4.277033088,24.83925034,512903,27.39266489,638,25,3187.899499,56.46148686,23,642,642,2,5,5,0,1
ATAC_JV_adipose/samples/ND2/MSC80/problems/chr1:521368-2634220,543,1.86200209,0.999849046,272666,32.08074607,1122.412827,146438,56.25820484,1143,34,330175.2906,574.6088153,30,23793,23793,4,10,10,0,1
ATAC_JV_adipose/samples/ND2/MSC80/problems/chr22:20700000-50364777,176,1.478675203,0.999425291,2082473,4.338277477,26.5637317,1408338,31.56481612,920,29,4114.305576,64.14285288,26,982,982,3,7,7,0,1
ATAC_JV_adipose/samples/ND2/MSC80/problems/chr2:162200000-234003741,329,1.408789368,0.999399619,2475288,5.630657071,47.9904428,1757033,24.89189958,1026,20,3340.72355,57.79899264,18,1139,1139,2,5,5,0,1
ATAC_JV_adipose/samples/ND2/MSC80/problems/chr3:60000-66170270,167,1.403858002,0.999387432,2668202,5.152256769,39.6639431,1900622,25.00408919,980,20,3211.504104,56.67013414,18,1065,1065,2,5,5,0,1
ATAC_JV_adipose/samples/ND2/MSC80/problems/chr4:75452279-190000000,574,1.335682472,0.999098943,2807288,5.208981024,37.33447422,2101764,18.2742934,663,13,1911.430761,43.71991264,11,689,689,2,3,3,0,1
ATAC_JV_adipose/samples/ND2/MSC80/problems/chr6:60000-58087659,138,1.425043914,0.999324427,2256976,4.549645742,29.74163203,1583795,25.88480706,809,23,2916.07863,54.00072805,21,851,851,2,5,5,0,1
ATAC_JV_adipose/samples/ND2/MSC80/problems/chr8:48135599-86500000,171,1.303529154,0.999206904,869991,6.176649059,53.66581696,667413,16.44523406,690,10,1870.10178,43.24467343,9,714,714,1,3,3,0,1
ATAC_JV_adipose/samples/ND2/MSC80/problems/chr8:87000000-142766515,341,1.395562301,0.999231176,1947630,4.775541592,33.37779563,1395589,23.15908695,794,20,2537.742493,50.37601108,18,941,941,2,5,5,0,1
ATAC_JV_adipose/samples/ND2/MSC80/problems/chrX:37148256-49242997,59,1.333120787,0.999174053,384692,4.740882308,30.39936906,288566,19.11840965,518,15,1825.283856,42.72334088,13,546,546,2,4,4,0,1
ATAC_JV_adipose/samples/ND2/MSC83/problems/chr10:18024675-38818835,89,1.494919013,0.999514867,971950,5.421044112,43.27672449,650170,30.97337158,1058,25,5191.344571,72.05098592,23,1245,1245,2,5,5,0,1
ATAC_JV_adipose/samples/ND2/MSC83/problems/chr10:51448845-125869472,187,1.527102212,0.999567626,4161042,5.263480355,39.86440743,2724797,34.81204214,1317,28,6535.988667,80.84546164,25,1481,1481,3,6,6,0,1
ATAC_JV_adipose/samples/ND2/MSC83/problems/chr11:69774695-87688378,148,1.533474046,0.999607228,1136292,5.726136112,47.98052205,740993,35.80626133,1227,28,7340.961477,85.67941105,25,1480,1480,3,7,7,0,1
ATAC_JV_adipose/samples/ND2/MSC83/problems/chr12:145739-7189876,380,1.590502623,0.999491931,663607,4.570968285,30.00698351,417232,41.37493529,1037,38,7287.573115,85.36728363,34,1192,1192,4,9,9,0,1
ATAC_JV_adipose/samples/ND2/MSC83/problems/chr12:66500000-109373470,124,1.505507745,0.999537898,1830720,5.604089755,48.60671543,1216016,31.70997174,1251,25,5638.341068,75.08888778,23,1453,1453,2,5,5,0,1
ATAC_JV_adipose/samples/ND2/MSC83/problems/chr14:19050000-107289540,350,1.532561927,0.99958214,4803469,5.589642595,44.00585041,3134275,35.54481754,1427,28,7445.387274,86.28665756,26,1534,1534,2,6,6,0,1
ATAC_JV_adipose/samples/ND2/MSC83/problems/chr16:46510000-88389383,238,1.529118516,0.999593986,2756886,5.377219009,41.94318174,1802926,35.97672672,1353,28,7084.696121,84.17063693,25,1597,1597,3,7,7,0,1
ATAC_JV_adipose/samples/ND2/MSC83/problems/chr1:206482221-223747846,105,1.539853363,0.999495911,946360,4.406622233,25.9085035,614579,34.51137445,871,31,5423.899185,73.64712612,29,920,920,2,6,6,0,1
ATAC_JV_adipose/samples/ND2/MSC83/problems/chr1:521368-2634220,518,1.842273019,0.99984168,330034,34.88058839,1345.756754,179146,56.24231632,1285,38,229585.2602,479.1505611,33,21863,21863,5,12,12,0,1
ATAC_JV_adipose/samples/ND2/MSC83/problems/chr22:20700000-50364777,258,1.587447264,0.999580731,2967285,4.764076239,32.51443651,1869219,41.27473827,1343,36,7850.166784,88.60116694,32,1458,1458,4,9,9,0,1
ATAC_JV_adipose/samples/ND2/MSC83/problems/chr2:162200000-234003741,442,1.504569376,0.999485225,3258315,4.948895666,34.13682606,2165614,31.84504256,1074,26,5190.360348,72.04415555,24,1185,1185,2,6,6,0,1
ATAC_JV_adipose/samples/ND2/MSC83/problems/chr3:60000-66170270,251,1.501047422,0.999551811,3582002,5.444651153,44.24362915,2386336,32.78405011,1373,25,6038.955974,77.71071982,23,1553,1553,2,6,6,0,1
ATAC_JV_adipose/samples/ND2/MSC83/problems/chr4:75452279-190000000,809,1.432384202,0.999356649,3877666,5.389629288,41.51370899,2707142,25.25042646,1039,18,3724.485397,61.02856214,16,1089,1089,2,4,4,0,1
ATAC_JV_adipose/samples/ND2/MSC83/problems/chr6:60000-58087659,175,1.524698681,0.999494248,3048696,4.891806919,34.75738937,1999541,33.74659384,1120,30,5318.562245,72.92847349,27,1161,1161,3,7,7,0,1
ATAC_JV_adipose/samples/ND2/MSC83/problems/chr8:48135599-86500000,216,1.406331047,0.999484592,1234168,6.63874036,66.50249534,877581,23.92089277,1111,15,4113.927044,64.13990212,13,1363,1363,2,4,4,0,1
ATAC_JV_adipose/samples/ND2/MSC83/problems/chr8:87000000-142766515,531,1.497490444,0.99944943,2670599,4.828772137,32.50837787,1783384,31.17051796,1057,25,4928.310166,70.20192423,23,1183,1183,2,6,6,0,1
ATAC_JV_adipose/samples/ND2/MSC83/problems/chrX:37148256-49242997,74,1.439840473,0.999495881,531795,4.912131315,32.23541284,369344,27.89891537,779,20,4307.268013,65.62977993,18,835,835,2,5,5,0,1
ATAC_JV_adipose/samples/ND2/MSC91/problems/chr10:18024675-38818835,97,1.279453877,0.999106809,719332,5.040898717,35.6727049,562219,17.46070126,537,14,1519.463715,38.98029906,12,555,555,2,4,4,0,1
ATAC_JV_adipose/samples/ND2/MSC91/problems/chr10:51448845-125869472,187,1.294805794,0.999236684,2887123,4.981058942,35.36899652,2229774,19.52574117,710,15,1893.040372,43.50908379,13,752,752,2,4,4,0,1
ATAC_JV_adipose/samples/ND2/MSC91/problems/chr11:69774695-87688378,118,1.301432295,0.999384511,768432,5.792886798,46.34736462,590452,20.388123,741,15,2452.915686,49.5269188,13,816,816,2,4,4,0,1
ATAC_JV_adipose/samples/ND2/MSC91/problems/chr12:145739-7189876,280,1.349004349,0.999207108,412566,4.531028289,27.64607668,305831,24.09427756,592,21,2577.953702,50.77355318,19,632,632,2,5,5,0,1
ATAC_JV_adipose/samples/ND2/MSC91/problems/chr12:66500000-109373470,59,1.269823329,0.999179887,1363902,5.382163783,41.98926628,1074089,17.0727584,632,13,1579.398176,39.74164284,11,652,652,2,4,4,0,1
ATAC_JV_adipose/samples/ND2/MSC91/problems/chr14:19050000-107289540,288,1.30157993,0.999310447,3276091,5.766850364,46.54235401,2517012,20.02015048,792,15,2344.79484,48.42308169,13,816,816,2,4,4,0,1
ATAC_JV_adipose/samples/ND2/MSC91/problems/chr16:46510000-88389383,106,1.305248425,0.999291591,1883852,4.937529644,33.95065824,1443291,20.86747648,693,18,2082.338384,45.63264603,16,787,787,2,5,5,0,1
ATAC_JV_adipose/samples/ND2/MSC91/problems/chr1:206482221-223747846,105,1.297617577,0.999062508,672114,3.950271604,20.3649049,517961,19.19209941,442,17,1497.885246,38.70252248,15,457,457,2,4,4,0,1
ATAC_JV_adipose/samples/ND2/MSC91/problems/chr1:521368-2634220,513,1.756575487,0.999840284,240426,31.28004281,1063.844441,136873,50.41084801,963,30,266720.529,516.4499288,26,20686,20686,4,9,9,0,1
ATAC_JV_adipose/samples/ND2/MSC91/problems/chr22:20700000-50364777,405,1.350386564,0.99928849,1840797,4.740099703,33.57280309,1363164,24.56458284,802,23,2544.366859,50.44171745,20,837,837,3,6,6,0,1
ATAC_JV_adipose/samples/ND2/MSC91/problems/chr2:162200000-234003741,216,1.273331024,0.999059129,2386081,4.932536644,34.54539039,1873890,17.22449717,613,14,1428.73495,37.79861042,12,650,650,2,4,4,0,1
ATAC_JV_adipose/samples/ND2/MSC91/problems/chr3:60000-66170270,118,1.287665141,0.999246725,2571184,5.151486362,39.51773344,1996781,18.88090782,757,14,1872.562484,43.27311502,12,881,881,2,4,4,0,1
ATAC_JV_adipose/samples/ND2/MSC91/problems/chr4:75452279-190000000,405,1.230967702,0.998832758,2937004,5.402583472,40.48911885,2385932,13.55821247,536,9,1033.789206,32.15259252,8,551,551,1,3,3,0,1
ATAC_JV_adipose/samples/ND2/MSC91/problems/chr6:60000-58087659,123,1.305812142,0.999149562,2204886,4.446389839,27.83391863,1688518,19.88003326,633,17,1696.196619,41.18490766,15,655,655,2,4,4,0,1
ATAC_JV_adipose/samples/ND2/MSC91/problems/chr8:48135599-86500000,112,1.21322772,0.998944705,952846,7.420637373,90.38410862,785382,12.38784693,672,7,1047.618518,32.36693556,6,777,777,1,3,3,0,1
ATAC_JV_adipose/samples/ND2/MSC91/problems/chr8:87000000-142766515,120,1.269074761,0.999042463,1907578,4.723149326,30.91245593,1503126,16.87084316,575,13,1355.662927,36.81932817,11,619,619,2,4,4,0,1
ATAC_JV_adipose/samples/ND2/MSC91/problems/chrX:37148256-49242997,76,1.241662776,0.999012641,393622,5.220728828,37.71725075,317013,14.92020517,463,11,1198.807025,34.62379276,9,474,474,2,3,3,0,1
