sequenceID,autocorr,unique_count,mean,variance,std_deviation,max_diff,sum_diff,count,max_value,range_value,abs_skewness,mean_diff,kurtosis,percentile_75,iqr,percentile_25,median,percentile_50,min_value,min_diff
H3K4me3_PGP_immune/samples/bcell/McGill0091/problems/chr10:133727527-135524747,0.9880460573547456,117,10.594351538422677,134.63214512716596,11.603109287047417,12,58604,39586,126,126,2.2722347405607746,1.4804597701149425,8.900266022017188,15.0,13.0,2.0,7.0,7.0,0,1
H3K4me3_PGP_immune/samples/bcell/McGill0091/problems/chr1:144810724-145833118,0.998860808438065,319,24.15280346539472,1626.247239049956,40.326755870637,19,128414,82184,323,323,3.940321408098947,1.5625372643977464,18.222287798760192,23.0,18.0,5.0,11.0,11.0,0,1
H3K4me3_PGP_immune/samples/bcell/McGill0091/problems/chr1:206482221-223747846,0.9862530265504564,208,8.242555624120126,128.8755798609444,11.35233807904541,19,1147914,748686,214,214,5.5282911183053285,1.533240281293201,49.44426495351203,10.0,8.0,2.0,5.0,5.0,0,1
H3K4me3_PGP_immune/samples/bcell/McGill0091/problems/chr1:30028082-103863906,0.9881599391812104,336,8.441228426284548,151.6349298992522,12.314013557701331,20,4781524,3098794,351,351,6.751321581053574,1.5430278821463712,82.91773678563014,10.0,8.0,2.0,5.0,5.0,0,1
H3K4me3_PGP_immune/samples/bcell/McGill0091/problems/chr21:14338129-42955559,0.9797462846225627,193,7.513037284575666,90.3700787010917,9.506317830847635,20,1919608,1234076,199,199,5.313083141233335,1.5555035147782752,50.09357661155912,9.0,7.0,2.0,5.0,5.0,0,1
H3K4me3_PGP_immune/samples/bcell/McGill0091/problems/chr2:149790582-234003741,0.990738500799926,334,8.69733897384182,200.72435594228864,14.167722327258137,30,6000330,3835588,333,333,7.473603588685258,1.5643837566453322,86.66560564621932,10.0,7.0,3.0,5.0,5.0,0,1
H3K4me3_PGP_immune/samples/bcell/McGill0091/problems/chr2:21178113-87668206,0.9874443553580357,260,8.390903126436298,143.06039377318228,11.960785667053075,26,4399715,2850210,268,268,5.8072825716202745,1.5436464483832588,55.35147864938793,10.0,8.0,2.0,5.0,5.0,0,1
H3K4me3_PGP_immune/samples/bcell/McGill0091/problems/chr3:60000-66170270,0.9812945540295948,212,7.840631544426996,92.25527257834707,9.6049608316925,27,4145226,2726079,222,222,4.4265842737263705,1.5205823164267491,35.53966490334924,10.0,8.0,2.0,5.0,5.0,0,1
H3K4me3_PGP_immune/samples/bcell/McGill0091/problems/chr6:62178589-95680543,0.981540570092534,260,7.909400885429544,102.5020515537117,10.124329684167328,27,2663003,1686639,281,281,6.697699649621771,1.578882368356458,86.35960637046546,10.0,7.0,3.0,5.0,5.0,0,1
H3K4me3_PGP_immune/samples/bcell/McGill0091/problems/chr9:70835468-92343416,0.9778842237819368,174,7.642282709887155,79.38289352572654,8.909707824936042,22,1437314,938814,174,174,4.359476779764416,1.5309907297832477,36.83086966947961,10.0,8.0,2.0,5.0,5.0,0,1
H3K4me3_PGP_immune/samples/bcell/McGill0091/problems/chr9:92678796-133073060,0.9861946640159188,233,8.653117701124398,125.26885239364088,11.192356873940398,22,2430030,1598277,241,241,4.518595332258402,1.5204069885301412,37.559984055500415,11.0,9.0,2.0,5.0,5.0,0,1
H3K4me3_PGP_immune/samples/bcell/McGill0322/problems/chr10:133727527-135524747,0.9930792846111708,184,5.90802764486975,95.87141881050636,9.791395141168922,10,82499,75240,197,197,10.341345317464528,1.0964925105331012,152.72733008805878,7.0,5.0,2.0,4.0,4.0,0,1
H3K4me3_PGP_immune/samples/bcell/McGill0322/problems/chr1:144810724-145833118,0.9964479194389344,125,12.203105490635505,203.23867986022327,14.25618040921983,7,106278,93705,124,124,2.9473944650098463,1.1341885084948349,10.545612200918388,14.0,10.0,4.0,8.0,8.0,0,1
H3K4me3_PGP_immune/samples/bcell/McGill0322/problems/chr1:206482221-223747846,0.9757213446254076,82,4.949683800577581,27.152109205330664,5.210768581056989,11,1016632,924891,81,81,4.328457293868549,1.0991923363859486,28.02861878118596,6.0,4.0,2.0,4.0,4.0,0,1
H3K4me3_PGP_immune/samples/bcell/McGill0322/problems/chr1:30028082-103863906,0.9755082478254354,114,4.988553390517655,26.85493714562461,5.182174943556481,9,4244994,3865162,115,115,4.015643279877299,1.098270938778488,25.784158172383044,6.0,4.0,2.0,4.0,4.0,0,1
H3K4me3_PGP_immune/samples/bcell/McGill0322/problems/chr21:14338129-42955559,0.9640257085772158,121,4.6484273098271816,18.265926476742063,4.273865519262634,25,1672611,1524140,125,125,4.42853760538285,1.0974136873342917,44.15549748288475,6.0,4.0,2.0,4.0,4.0,0,1
H3K4me3_PGP_immune/samples/bcell/McGill0322/problems/chr2:149790582-234003741,0.9735525741026896,142,4.986774790337114,24.966435779305726,4.996642450616786,15,5157500,4689075,147,147,4.662202482297181,1.0998973358066009,41.00582643390502,6.0,4.0,2.0,4.0,4.0,0,1
H3K4me3_PGP_immune/samples/bcell/McGill0322/problems/chr2:21178113-87668206,0.9757627050182656,79,5.041818493169913,27.156400156130488,5.211180303552209,10,3913156,3562180,78,78,3.8787078789342018,1.0985287376069537,22.272521684088524,6.0,4.0,2.0,4.0,4.0,0,1
H3K4me3_PGP_immune/samples/bcell/McGill0322/problems/chr3:60000-66170270,0.9718988762094576,74,4.956958666437945,23.33918060998284,4.8310641281174105,10,3876438,3532674,73,73,3.670657099265432,1.097310167117081,21.28318820139352,6.0,4.0,2.0,4.0,4.0,0,1
H3K4me3_PGP_immune/samples/bcell/McGill0322/problems/chr6:62178589-95680543,0.9626307679914172,79,4.908598862852756,17.696393887258115,4.206708200868954,8,2199628,1998334,78,78,4.05369961204962,1.1007314596716362,30.314040280041382,6.0,4.0,2.0,4.0,4.0,0,1
H3K4me3_PGP_immune/samples/bcell/McGill0322/problems/chr9:70835468-92343416,0.9626865097708768,108,4.604965363124578,17.535214904850335,4.187507003558363,8,1252088,1141991,116,116,4.334416741277613,1.096408900253067,40.64774052972587,6.0,4.0,2.0,4.0,4.0,0,1
H3K4me3_PGP_immune/samples/bcell/McGill0322/problems/chr9:92678796-133073060,0.9755418277226048,84,5.055968457665752,26.80225275131721,5.177089216086315,10,2252738,2053621,83,83,3.4547560537449646,1.0969595153923315,18.396738074939528,6.0,4.0,2.0,4.0,4.0,0,1
H3K4me3_PGP_immune/samples/monocyte/McGill0001/problems/chr10:133727527-135524747,0.9931057824834504,148,5.874052224896401,99.0000434933367,9.949876556688364,13,61198,55261,152,152,6.429020290980532,1.1074556641331883,63.148894910963406,6.0,4.0,2.0,3.0,3.0,0,1
H3K4me3_PGP_immune/samples/monocyte/McGill0001/problems/chr1:144810724-145833118,0.998690567853048,216,18.949349405911068,636.9803730993528,25.238470102194245,11,151576,127422,218,218,3.2597624635315943,1.1895684384834524,12.281228762767396,20.0,14.0,6.0,11.0,11.0,0,1
H3K4me3_PGP_immune/samples/monocyte/McGill0001/problems/chr1:206482221-223747846,0.9906132849874024,152,5.619915574039277,73.77285147917516,8.589112380169162,15,1073278,960605,151,151,6.913423991577837,1.1172949519260795,63.67667638154384,6.0,4.0,2.0,4.0,4.0,0,1
H3K4me3_PGP_immune/samples/monocyte/McGill0001/problems/chr1:30028082-103863906,0.9905901105206716,163,5.7952760858195,73.74072197424536,8.587241814124333,22,4622280,4133606,162,162,6.019839153813003,1.1182200524723576,47.7050592991434,6.0,4.0,2.0,4.0,4.0,0,1
H3K4me3_PGP_immune/samples/monocyte/McGill0001/problems/chr21:14338129-42955559,0.9856697651191964,126,5.412203500021833,48.08704077150106,6.934482011765627,16,1839762,1648904,126,126,6.244426426810668,1.1157490768104612,54.43821163548416,6.0,4.0,2.0,4.0,4.0,0,1
H3K4me3_PGP_immune/samples/monocyte/McGill0001/problems/chr2:149790582-234003741,0.9895504437230882,156,5.619572931016278,66.39206304405539,8.14813248812606,17,5465100,4886892,156,156,6.595485338268269,1.1183183746066774,57.16568118092911,6.0,4.0,2.0,4.0,4.0,0,1
H3K4me3_PGP_immune/samples/monocyte/McGill0001/problems/chr2:21178113-87668206,0.9920418137610844,152,6.03483245417341,87.52953945318623,9.355722283885209,33,4244688,3792067,151,151,5.948613692855723,1.119360264299197,45.36806424741064,6.0,4.0,2.0,4.0,4.0,0,1
H3K4me3_PGP_immune/samples/monocyte/McGill0001/problems/chr3:60000-66170270,0.9888458313368634,146,5.570595884319487,61.66874557552466,7.852945025627307,11,4053445,3635219,145,145,5.894041164035682,1.115048671083825,46.360332106568144,6.0,4.0,2.0,4.0,4.0,0,1
H3K4me3_PGP_immune/samples/monocyte/McGill0001/problems/chr6:62178589-95680543,0.984848397295138,149,5.131845417773101,45.656876799412416,6.75698725760323,18,2197197,1966151,148,148,8.02052303569598,1.117512397324721,88.64159078181356,6.0,4.0,2.0,4.0,4.0,0,1
H3K4me3_PGP_immune/samples/monocyte/McGill0001/problems/chr9:70835468-92343416,0.9894533021624494,145,5.530474322072664,65.51154450162653,8.093920218387783,10,1352500,1211118,144,144,6.887841148088406,1.1167376892571073,64.63743505227457,6.0,4.0,2.0,4.0,4.0,0,1
H3K4me3_PGP_immune/samples/monocyte/McGill0001/problems/chr9:92678796-133073060,0.9909287120828992,150,5.920525634539325,76.14870003723891,8.726322251512313,14,2418534,2166296,150,150,5.375621235267259,1.1164379735908545,38.03475465082872,6.0,4.0,2.0,4.0,4.0,0,1
H3K4me3_PGP_immune/samples/monocyte/McGill0002/problems/chr10:133727527-135524747,0.9983052939857072,154,13.303046989721,520.3296382929461,22.810735154592148,13,65809,54480,153,153,2.883770962349966,1.2079700435030012,8.889997421684436,12.0,10.0,2.0,4.0,4.0,0,1
H3K4me3_PGP_immune/samples/monocyte/McGill0002/problems/chr1:144810724-145833118,0.9997395702818485,555,44.81936853516419,5450.322055562828,73.82629650444906,26,188733,132834,565,565,3.095724496292733,1.4208291614282595,10.749834387494698,43.0,36.0,7.0,17.0,17.0,0,1
H3K4me3_PGP_immune/samples/monocyte/McGill0002/problems/chr1:206482221-223747846,0.9992635616310558,627,13.671694280932051,1324.3136568325,36.39112057676295,30,863408,691249,654,654,6.992759414172069,1.2490567784644584,70.98700825839605,8.0,6.0,2.0,4.0,4.0,0,1
H3K4me3_PGP_immune/samples/monocyte/McGill0002/problems/chr1:30028082-103863906,0.9991001021086204,463,14.074622331221352,1088.0837883657714,32.98611508446806,25,3698478,2952521,464,464,4.654760692454753,1.2526512944874209,27.59292056888328,8.0,6.0,2.0,4.0,4.0,0,1
H3K4me3_PGP_immune/samples/monocyte/McGill0002/problems/chr21:14338129-42955559,0.999042871711326,424,12.668245359407226,1010.3950177855936,31.78671133957701,34,1387758,1112735,423,423,5.468463699127534,1.2471605972316837,38.92566256280468,8.0,6.0,2.0,4.0,4.0,0,1
H3K4me3_PGP_immune/samples/monocyte/McGill0002/problems/chr2:149790582-234003741,0.9991840380553878,556,13.53022693089755,1206.7556277129493,34.738388386811344,29,4243861,3385524,558,558,5.433864251117286,1.2535318767587755,38.71219516444076,7.0,5.0,2.0,4.0,4.0,0,1
H3K4me3_PGP_immune/samples/monocyte/McGill0002/problems/chr2:21178113-87668206,0.9992622913585149,466,15.381938121848169,1360.017411445174,36.8784138954643,49,3467780,2751375,468,468,4.799066333852864,1.2603811768229256,29.10197366471043,9.0,7.0,2.0,4.0,4.0,0,1
H3K4me3_PGP_immune/samples/monocyte/McGill0002/problems/chr3:60000-66170270,0.9988583613960684,423,12.641018595062702,829.2230699450217,28.79623360693238,22,3233272,2609241,430,430,4.700216684436877,1.23916236145391,28.08515458442412,8.0,6.0,2.0,4.0,4.0,0,1
H3K4me3_PGP_immune/samples/monocyte/McGill0002/problems/chr6:62178589-95680543,0.9989018559910852,464,10.000209557841304,864.8786542774855,29.40881932817918,37,1484994,1197760,476,476,6.4066802302959305,1.2398103458208205,51.32867796736154,6.0,4.0,2.0,3.0,3.0,0,1
H3K4me3_PGP_immune/samples/monocyte/McGill0002/problems/chr9:70835468-92343416,0.9992202296104936,486,13.424642297386116,1246.843554370918,35.3106719614753,26,1061622,850497,491,491,5.7170652057997255,1.248238674843856,42.106158620685406,8.0,6.0,2.0,4.0,4.0,0,1
H3K4me3_PGP_immune/samples/monocyte/McGill0002/problems/chr9:92678796-133073060,0.999018660020553,377,14.630780129689729,987.4708662243296,31.42404916977329,28,2068476,1657186,378,378,4.220170933646094,1.2481865331873023,22.383489898535288,10.0,8.0,2.0,4.0,4.0,0,1
H3K4me3_PGP_immune/samples/monocyte/McGill0058/problems/chr10:133727527-135524747,0.9943423138032098,215,11.285527391659851,435.3769369050141,20.86568802855573,14,42388,24460,235,235,5.361840782964795,1.7330226092644834,38.69081442510145,12.0,10.0,2.0,5.0,5.0,0,1
H3K4me3_PGP_immune/samples/monocyte/McGill0058/problems/chr1:144810724-145833118,0.9995744898017588,624,50.41152162062356,9085.078473825492,95.31567800643025,37,118880,56867,672,672,3.0323475828695328,2.0905286111208805,9.631120957143873,42.0,37.0,5.0,13.0,13.0,0,1
H3K4me3_PGP_immune/samples/monocyte/McGill0058/problems/chr1:206482221-223747846,0.9962245519902856,504,11.114657229203118,805.9493185944004,28.389246530938443,32,725312,377220,535,535,8.182810571753729,1.9227875584209704,92.14324703034968,10.0,8.0,2.0,4.0,4.0,0,1
H3K4me3_PGP_immune/samples/monocyte/McGill0058/problems/chr1:30028082-103863906,0.9952316348918882,492,11.4719589521537,645.14837726363,25.39977120494651,31,3007204,1555648,507,507,6.285812926625384,1.933088933414843,56.17004320013682,10.0,8.0,2.0,5.0,5.0,0,1
H3K4me3_PGP_immune/samples/monocyte/McGill0058/problems/chr21:14338129-42955559,0.9944576256706538,452,10.222286648275658,573.2221272042515,23.94205770614237,42,1324418,676055,470,470,7.8616807695416115,1.959041733352661,85.0024949958858,10.0,8.0,2.0,5.0,5.0,0,1
H3K4me3_PGP_immune/samples/monocyte/McGill0058/problems/chr2:149790582-234003741,0.996354957331791,541,12.031155470616431,884.9777991617624,29.74857642244016,55,4043810,2050619,549,549,7.039371461108392,1.971995759327188,66.98319800113754,10.0,8.0,2.0,5.0,5.0,0,1
H3K4me3_PGP_immune/samples/monocyte/McGill0058/problems/chr2:21178113-87668206,0.996937227429979,528,13.127065486533818,1022.1980098592004,31.97183150617431,90,2870248,1476105,537,537,6.321977540981405,1.944475457013869,53.43878716045572,10.0,8.0,2.0,5.0,5.0,0,1
H3K4me3_PGP_immune/samples/monocyte/McGill0058/problems/chr3:60000-66170270,0.9930224663680756,366,10.064111385381292,423.456801153302,20.57806602072464,29,2746954,1444642,372,372,5.927179600071473,1.9014786372531307,48.07802564295676,10.0,8.0,2.0,5.0,5.0,0,1
H3K4me3_PGP_immune/samples/monocyte/McGill0058/problems/chr6:62178589-95680543,0.9946600815452634,469,9.832182356418556,617.2214833385821,24.843942588457697,28,1764635,883018,478,478,8.437614072609,1.998415659041672,91.91586721260818,9.0,7.0,2.0,5.0,5.0,0,1
H3K4me3_PGP_immune/samples/monocyte/McGill0058/problems/chr9:70835468-92343416,0.9974510758895424,527,12.908184494067628,1236.7333254591397,35.16721947295719,25,859818,440296,549,549,6.909867145208128,1.9528225394337888,60.8356210829259,10.0,8.0,2.0,4.0,4.0,0,1
H3K4me3_PGP_immune/samples/monocyte/McGill0058/problems/chr9:92678796-133073060,0.9955930178094384,370,12.27412585630078,666.6289926602793,25.819159410412247,28,1484580,784625,376,376,5.560930449820912,1.8920909888048287,41.46290219025113,11.0,9.0,2.0,5.0,5.0,0,1
H3K4me3_PGP_immune/samples/monocyte/McGill0079/problems/chr10:133727527-135524747,0.9993619657219504,538,48.301341724574975,6537.546709007868,80.85509698842658,27,100776,45762,588,588,2.761037594607588,2.202224601735102,8.4712640776665,49.0,44.0,5.0,15.0,15.0,0,1
H3K4me3_PGP_immune/samples/monocyte/McGill0079/problems/chr1:144810724-145833118,0.9998729597759376,1639,168.17476373915693,81648.70332122775,285.742372288794,80,226139,72166,1718,1718,2.708498014989045,3.133638190258436,7.664700866350628,183.0,173.0,10.0,44.0,44.0,0,1
H3K4me3_PGP_immune/samples/monocyte/McGill0079/problems/chr1:206482221-223747846,0.9996933843236294,1270,70.51302179040252,20010.219694238505,141.45748369824236,92,722744,280261,1397,1397,3.440848664289464,2.578833939912938,14.998516312865174,63.0,60.0,3.0,11.0,11.0,0,1
H3K4me3_PGP_immune/samples/monocyte/McGill0079/problems/chr1:30028082-103863906,0.9996910857844644,1282,76.68132767765773,20313.960324479143,142.5270512024968,78,3341054,1280130,1346,1346,2.930812526591642,2.6099354049474703,10.228253591695422,79.0,75.0,4.0,12.0,12.0,0,1
H3K4me3_PGP_immune/samples/monocyte/McGill0079/problems/chr21:14338129-42955559,0.9995408612193524,954,54.49495913456623,11956.629063121229,109.346371970547,108,1093204,440103,1011,1011,3.1562846488564964,2.483978714025385,11.611502566233844,44.0,41.0,3.0,9.0,9.0,0,1
H3K4me3_PGP_immune/samples/monocyte/McGill0079/problems/chr2:149790582-234003741,0.9996698185970008,1265,69.9559848567199,18506.49866600534,136.03859256110135,83,3309986,1278719,1368,1368,3.006441696163136,2.588519126187322,10.66804551456129,62.0,59.0,3.0,10.0,10.0,0,1
H3K4me3_PGP_immune/samples/monocyte/McGill0079/problems/chr2:21178113-87668206,0.999701469517004,1250,80.09025566811384,21590.24871785426,146.93620628645024,159,3107388,1181610,1500,1500,2.761929060076443,2.629793781191579,8.744532865961805,81.0,77.0,4.0,12.0,12.0,0,1
H3K4me3_PGP_immune/samples/monocyte/McGill0079/problems/chr3:60000-66170270,0.9996537598694308,1256,70.17376583121066,16991.437177725962,130.35120704360955,127,2935964,1153023,1515,1515,3.0049105911845304,2.546320885464458,11.379284996853986,70.0,66.0,4.0,12.0,12.0,0,1
H3K4me3_PGP_immune/samples/monocyte/McGill0079/problems/chr6:62178589-95680543,0.999652530455726,1164,57.60292850761508,16886.76898859478,129.94910153054073,106,957410,376096,1609,1609,3.559101851483465,2.545660006115476,15.622095521588037,30.0,28.0,2.0,7.0,7.0,0,1
H3K4me3_PGP_immune/samples/monocyte/McGill0079/problems/chr9:70835468-92343416,0.9996405957596228,974,62.78079397410252,15982.964288533522,126.4237489102958,36,831026,328449,991,991,3.127700806640339,2.530160025331255,11.152980757899131,50.0,47.0,3.0,9.0,9.0,0,1
H3K4me3_PGP_immune/samples/monocyte/McGill0079/problems/chr9:92678796-133073060,0.9996370240327628,1103,72.72214347094813,16163.071762965068,127.13407003225008,121,2075072,816918,1207,1207,2.721331961750959,2.5401258634598127,8.68365295010684,82.0,78.0,4.0,14.0,14.0,0,1
H3K4me3_PGP_immune/samples/monocyte/McGill0101/problems/chr10:133727527-135524747,0.994600109233554,225,10.809993720283485,352.4187285098736,18.772818874901915,20,51447,33441,254,254,6.046220571120773,1.538486842105263,53.3140102398697,12.0,10.0,2.0,5.0,5.0,0,1
H3K4me3_PGP_immune/samples/monocyte/McGill0101/problems/chr1:144810724-145833118,0.9993164241546426,398,39.53474381506016,4062.666845230886,63.73905274814559,32,80084,44382,411,411,2.671321039543197,1.8044658750366147,7.393732496699549,42.0,38.0,4.0,13.0,13.0,0,1
H3K4me3_PGP_immune/samples/monocyte/McGill0101/problems/chr1:206482221-223747846,0.9945942559453562,291,10.195549416303084,407.95023135885646,20.19777788170908,24,490462,296815,297,297,5.337711265453419,1.6524220555634168,39.588247116558,10.0,8.0,2.0,4.0,4.0,0,1
H3K4me3_PGP_immune/samples/monocyte/McGill0101/problems/chr1:30028082-103863906,0.9945162785900168,396,11.034228526429269,408.28301167434665,20.206014245128767,31,2229724,1342243,502,502,5.114485547216936,1.6611937340658391,46.0402438095214,11.0,9.0,2.0,4.0,4.0,0,1
H3K4me3_PGP_immune/samples/monocyte/McGill0101/problems/chr21:14338129-42955559,0.9918259401650704,303,9.045439481881964,278.14131722350885,16.67756928402664,28,1057050,633678,323,323,5.857811102188281,1.6681211405810847,51.772911669358,9.0,7.0,2.0,4.0,4.0,0,1
H3K4me3_PGP_immune/samples/monocyte/McGill0101/problems/chr2:149790582-234003741,0.9948542411713828,407,10.524412536298207,446.2018562444608,21.12349062642017,32,2630424,1568948,415,415,5.549716993054662,1.676553765041139,45.88237428332647,10.0,8.0,2.0,4.0,4.0,0,1
H3K4me3_PGP_immune/samples/monocyte/McGill0101/problems/chr2:21178113-87668206,0.9954143222566096,326,11.76863170973912,492.2588128894933,22.18690633886332,33,2043414,1226538,330,330,4.418933420578966,1.6660027377894022,26.99180060613893,11.0,9.0,2.0,4.0,4.0,0,1
H3K4me3_PGP_immune/samples/monocyte/McGill0101/problems/chr3:60000-66170270,0.9915665225252714,230,9.55360113723591,259.247125270874,16.101152917442715,28,1996762,1214172,243,243,4.124775052845033,1.6445475966729564,23.55175278932507,10.0,8.0,2.0,4.0,4.0,0,1
H3K4me3_PGP_immune/samples/monocyte/McGill0101/problems/chr6:62178589-95680543,0.9915856278719944,298,8.273860346783387,271.59454402449177,16.480125728418816,25,1180445,704359,316,316,6.207291703982453,1.6759162244199683,54.06117903804704,8.0,6.0,2.0,4.0,4.0,0,1
H3K4me3_PGP_immune/samples/monocyte/McGill0101/problems/chr9:70835468-92343416,0.9949250178830163,323,10.274827671257771,442.0730086889689,21.0255323045332,34,640138,385165,400,400,5.472778140603153,1.6619881401169372,43.507369690278765,9.0,7.0,2.0,4.0,4.0,0,1
H3K4me3_PGP_immune/samples/monocyte/McGill0101/problems/chr9:92678796-133073060,0.9939053449977724,273,11.641061645569794,354.7076067204256,18.833682771046814,24,1196914,730677,289,289,3.8429401264817487,1.6380913017534449,21.681653319454096,13.0,11.0,2.0,5.0,5.0,0,1
H3K4me3_PGP_immune/samples/monocyte/McGill0104/problems/chr10:133727527-135524747,0.996337419349936,213,8.130903285885326,235.445593255291,15.344236483295315,11,53852,45102,250,250,7.318677033764705,1.1940311744750671,79.66008418863996,9.0,7.0,2.0,4.0,4.0,0,1
H3K4me3_PGP_immune/samples/monocyte/McGill0104/problems/chr1:144810724-145833118,0.99935749783083,259,26.13171036204744,1805.102182022531,42.48649411310059,14,79081,59274,258,258,2.664026853215721,1.3341825114301622,7.328883781279597,29.0,26.0,3.0,8.0,8.0,0,1
H3K4me3_PGP_immune/samples/monocyte/McGill0104/problems/chr1:206482221-223747846,0.9954777379895644,196,6.876604755912979,204.24670670635663,14.29149070973202,12,542185,438696,202,202,4.909252328831773,1.235904215913106,30.397711667097028,6.0,5.0,1.0,3.0,3.0,0,1
H3K4me3_PGP_immune/samples/monocyte/McGill0104/problems/chr1:30028082-103863906,0.9957844530455624,346,7.438033499083744,220.71470049470125,14.856469987675446,16,2439448,1969427,522,522,6.410566663219997,1.2386593860343065,100.34408346236428,6.0,5.0,1.0,3.0,3.0,0,1
H3K4me3_PGP_immune/samples/monocyte/McGill0104/problems/chr21:14338129-42955559,0.9922715756341908,168,5.98257565021252,120.44562088532786,10.974772019742726,29,1039087,839687,167,167,5.181004980370585,1.237470911745581,34.83863535879797,6.0,4.0,2.0,3.0,3.0,0,1
H3K4me3_PGP_immune/samples/monocyte/McGill0104/problems/chr2:149790582-234003741,0.9951025274058388,213,6.783998206157601,192.13452218497056,13.861259761831557,15,2835232,2278907,221,221,5.081649334152441,1.244119766238713,33.6306910181064,6.0,5.0,1.0,3.0,3.0,0,1
H3K4me3_PGP_immune/samples/monocyte/McGill0104/problems/chr2:21178113-87668206,0.9960727957560702,212,7.767829821665462,239.09317801935725,15.462638132587765,31,2223676,1789558,213,213,4.349359408070478,1.2425846173103177,23.95812555364428,6.0,5.0,1.0,3.0,3.0,0,1
H3K4me3_PGP_immune/samples/monocyte/McGill0104/problems/chr3:60000-66170270,0.994221184914034,197,6.737240436488964,157.8723041360362,12.564724594516038,15,2159196,1754821,212,212,4.369156996875861,1.2304373098095531,24.175715716049105,6.0,5.0,1.0,3.0,3.0,0,1
H3K4me3_PGP_immune/samples/monocyte/McGill0104/problems/chr6:62178589-95680543,0.992165287924265,192,5.422223178533811,120.26549236764592,10.966562468141325,14,1215692,975972,191,191,6.40020006444601,1.2456230769151952,54.59881356079551,5.0,4.0,1.0,3.0,3.0,0,1
H3K4me3_PGP_immune/samples/monocyte/McGill0104/problems/chr9:70835468-92343416,0.9950030638604946,205,6.594151116549403,185.22287047963283,13.609660924491571,12,707416,572075,217,217,5.250113549398167,1.2365812814426105,35.576083530124485,6.0,5.0,1.0,3.0,3.0,0,1
H3K4me3_PGP_immune/samples/monocyte/McGill0104/problems/chr9:92678796-133073060,0.9953238938302358,176,7.974283610875511,195.9588256271868,13.998529409448222,12,1319682,1071729,175,175,3.8409345521350113,1.2313590761835091,19.187745226396,7.0,6.0,1.0,3.0,3.0,0,1
H3K4me3_PGP_immune/samples/tcell/McGill0004/problems/chr10:133727527-135524747,0.9824250805438248,104,3.702830680656668,33.479975090774424,5.7861883041234,6,50571,47939,105,105,9.567565082038469,1.0549251116024865,131.46801588699327,4.0,3.0,1.0,3.0,3.0,0,1
H3K4me3_PGP_immune/samples/tcell/McGill0004/problems/chr1:144810724-145833118,0.9925740151932034,88,10.027898822432558,87.3067370086731,9.34380741500343,6,107786,98678,87,87,2.8242304486658947,1.0923112782107278,11.497044111792189,13.0,9.0,4.0,8.0,8.0,0,1
H3K4me3_PGP_immune/samples/tcell/McGill0004/problems/chr1:206482221-223747846,0.9569495963188416,67,4.011624077385266,13.780394251800208,3.712195341277208,7,884722,834991,66,66,4.671531038772865,1.059559994730476,38.528977270658245,5.0,3.0,2.0,3.0,3.0,0,1
H3K4me3_PGP_immune/samples/tcell/McGill0004/problems/chr1:30028082-103863906,0.9591208811208372,72,4.188725603091119,14.554840591366837,3.815080679535734,9,3845449,3625613,71,71,3.998765443579881,1.0606344528868503,27.92364183403644,5.0,3.0,2.0,3.0,3.0,0,1
H3K4me3_PGP_immune/samples/tcell/McGill0004/problems/chr21:14338129-42955559,0.9465525067120888,74,4.117155108938132,11.155273930471209,3.339951186839593,8,1554023,1464042,73,73,3.792035114196192,1.061461393499226,31.189592183810063,5.0,3.0,2.0,4.0,4.0,0,1
H3K4me3_PGP_immune/samples/tcell/McGill0004/problems/chr2:149790582-234003741,0.9614344215518034,82,4.338418351697667,15.52217304102906,3.939818909674537,8,4788682,4505654,81,81,4.689215713125866,1.0628164219481615,39.17473805304297,5.0,3.0,2.0,4.0,4.0,0,1
H3K4me3_PGP_immune/samples/tcell/McGill0004/problems/chr2:21178113-87668206,0.9570347235269538,96,4.176556022638952,13.867273606855676,3.723878838906507,11,3534648,3331073,96,96,4.171783750610526,1.0611142599139256,33.15330182463182,5.0,3.0,2.0,3.0,3.0,0,1
H3K4me3_PGP_immune/samples/tcell/McGill0004/problems/chr3:60000-66170270,0.9507503256881732,63,4.025689152070415,12.020545230724895,3.46706579555752,6,3364612,3177528,63,63,3.5992176226578003,1.058877548483459,24.20992627058396,5.0,3.0,2.0,3.0,3.0,0,1
H3K4me3_PGP_immune/samples/tcell/McGill0004/problems/chr6:62178589-95680543,0.9363085318477568,65,4.173547568674087,9.389662552362031,3.064255627776839,13,1981927,1865114,64,64,3.5246486680386786,1.062631057742882,29.61884504984512,5.0,3.0,2.0,4.0,4.0,0,1
H3K4me3_PGP_immune/samples/tcell/McGill0004/problems/chr9:70835468-92343416,0.9449061129919752,78,3.868875963198021,10.755458749432446,3.2795516079843057,6,1091080,1030162,78,78,4.464444830789777,1.0591354166970015,42.32670124375924,5.0,3.0,2.0,3.0,3.0,0,1
H3K4me3_PGP_immune/samples/tcell/McGill0004/problems/chr9:92678796-133073060,0.9525767204619802,69,3.926747967795475,12.472060840856155,3.5315805018229662,6,1907403,1802107,68,68,3.509718185969027,1.0584299702681197,22.298710923004176,5.0,3.0,2.0,3.0,3.0,0,1
H3K4me3_PGP_immune/samples/tcell/McGill0005/problems/chr10:133727527-135524747,0.9955288355944298,145,7.486068738527755,148.40670192603017,12.18222893915683,8,86728,78995,156,156,3.906655428902937,1.0979061700888677,21.06017862370057,7.0,5.0,2.0,4.0,4.0,0,1
H3K4me3_PGP_immune/samples/tcell/McGill0005/problems/chr1:144810724-145833118,0.9991600698866112,268,21.30568616042646,1010.0351628934692,31.78105037429489,29,151172,127186,268,268,3.1552942909748856,1.1885992845068207,11.44129993184574,19.0,13.0,6.0,10.0,10.0,0,1
H3K4me3_PGP_immune/samples/tcell/McGill0005/problems/chr1:206482221-223747846,0.9965491174764108,175,7.111287550380798,193.5432154315308,13.911981003132905,12,1027278,932647,174,174,5.222992609359045,1.101466151144164,32.075673997115274,6.0,4.0,2.0,4.0,4.0,0,1
H3K4me3_PGP_immune/samples/tcell/McGill0005/problems/chr1:30028082-103863906,0.9968510574297302,175,7.761269845618956,215.13848710720043,14.667599909569406,21,4523816,4087678,176,176,4.584946148177487,1.1066960525501404,24.29970926915855,6.0,4.0,2.0,4.0,4.0,0,1
H3K4me3_PGP_immune/samples/tcell/McGill0005/problems/chr21:14338129-42955559,0.994617093803728,157,6.248115262624775,122.45645577159304,11.066004508023347,19,1683563,1534166,157,157,5.483790040640009,1.097380659837762,36.298133827941335,6.0,4.0,2.0,4.0,4.0,0,1
H3K4me3_PGP_immune/samples/tcell/McGill0005/problems/chr2:149790582-234003741,0.9963560610868424,170,7.20633300803746,184.0943673868209,13.568137948400324,21,5269035,4775140,169,169,5.130416950234548,1.1034307064150384,30.9254931665115,6.0,4.0,2.0,4.0,4.0,0,1
H3K4me3_PGP_immune/samples/tcell/McGill0005/problems/chr2:21178113-87668206,0.9967612895076408,185,7.584624822255196,208.4580513076681,14.438076440705949,27,4108069,3716705,185,185,4.73300473628158,1.1052989422886514,25.68301028965565,6.0,4.0,2.0,4.0,4.0,0,1
H3K4me3_PGP_immune/samples/tcell/McGill0005/problems/chr3:60000-66170270,0.9963563417908484,191,7.459573157246644,184.19402758036864,13.571810033314224,27,4075954,3694241,190,190,4.635083299037507,1.103326800640998,25.28798828999813,6.0,4.0,2.0,4.0,4.0,0,1
H3K4me3_PGP_immune/samples/tcell/McGill0005/problems/chr6:62178589-95680543,0.993853051504594,184,5.561660891499109,106.36401246431416,10.313292998083307,21,1968840,1799082,183,183,7.042770464036917,1.094358730929847,60.38111667109161,6.0,4.0,2.0,4.0,4.0,0,1
H3K4me3_PGP_immune/samples/tcell/McGill0005/problems/chr9:70835468-92343416,0.9946252075488085,190,6.038213579604812,121.8894880597588,11.040357243303262,30,1219029,1113243,197,197,5.881133751517639,1.0950260590240035,43.057794651096486,6.0,4.0,2.0,4.0,4.0,0,1
H3K4me3_PGP_immune/samples/tcell/McGill0005/problems/chr9:92678796-133073060,0.9967724007530642,173,7.893602060617855,209.02832672803683,14.457811961982244,22,2407212,2178764,172,172,4.299257588299011,1.104852615910955,21.640848960631367,6.0,4.0,2.0,4.0,4.0,0,1
H3K4me3_PGP_immune/samples/tcell/McGill0006/problems/chr10:133727527-135524747,0.980126023736315,127,4.077861587125031,38.93783551895582,6.240018871682667,9,66729,57538,126,126,9.612921020865564,1.159758068720997,130.96304421096755,5.0,3.0,2.0,3.0,3.0,0,1
H3K4me3_PGP_immune/samples/tcell/McGill0006/problems/chr1:144810724-145833118,0.9775882569021574,56,8.648155383155663,37.87147243039646,6.153980210432632,7,107792,89585,55,55,1.533118480910376,1.2032505804607965,4.112374874592872,12.0,8.0,4.0,7.0,7.0,0,1
H3K4me3_PGP_immune/samples/tcell/McGill0006/problems/chr1:206482221-223747846,0.9145414784295788,43,4.2995774268337446,9.57592225753486,3.0944987086012588,14,1021544,860916,42,42,1.84576027868596,1.1865793951783858,7.972917180965451,6.0,4.0,2.0,4.0,4.0,0,1
H3K4me3_PGP_immune/samples/tcell/McGill0006/problems/chr1:30028082-103863906,0.9195822955197972,111,4.348809547722053,10.174217799275224,3.1897049705694136,11,4371222,3684062,114,114,2.796797514579244,1.186522698728387,39.6804692211197,6.0,4.0,2.0,4.0,4.0,0,1
H3K4me3_PGP_immune/samples/tcell/McGill0006/problems/chr21:14338129-42955559,0.91522954930706,85,4.412929947287041,9.732016718579684,3.1196180404946503,17,1752670,1473262,90,90,2.233658953225472,1.189653428686431,22.07826175389218,6.0,4.0,2.0,4.0,4.0,0,1
H3K4me3_PGP_immune/samples/tcell/McGill0006/problems/chr2:149790582-234003741,0.9214690649762538,95,4.503689729069009,10.529145390591868,3.244864464132804,20,5319093,4465233,94,94,2.8535188701737177,1.1912243305610997,33.44770068099747,6.0,4.0,2.0,4.0,4.0,0,1
H3K4me3_PGP_immune/samples/tcell/McGill0006/problems/chr2:21178113-87668206,0.9162781932693806,49,4.376327433562605,9.792493473854533,3.129296002914159,11,3997358,3366741,48,48,1.762325623778443,1.1873081972471886,7.150368824079464,6.0,4.0,2.0,4.0,4.0,0,1
H3K4me3_PGP_immune/samples/tcell/McGill0006/problems/chr3:60000-66170270,0.9120218605531736,49,4.267783383907548,9.282903405496649,3.0467857498512507,10,3851346,3248032,48,48,1.6692145607118558,1.185747919277864,6.346570266605247,6.0,4.0,2.0,4.0,4.0,0,1
H3K4me3_PGP_immune/samples/tcell/McGill0006/problems/chr6:62178589-95680543,0.9078250317785452,55,4.546338921831686,9.042913326961314,3.007143715714517,12,2203589,1844443,54,54,1.3966197279587405,1.1947185110727254,4.991826706504075,6.0,4.0,2.0,4.0,4.0,0,1
H3K4me3_PGP_immune/samples/tcell/McGill0006/problems/chr9:70835468-92343416,0.9042615653650364,75,4.21259507029724,8.519957742796088,2.918896665316552,12,1265824,1067894,77,77,1.754512446892282,1.1853472211167224,12.304878300060354,6.0,4.0,2.0,4.0,4.0,0,1
H3K4me3_PGP_immune/samples/tcell/McGill0006/problems/chr9:92678796-133073060,0.9128484654370582,42,4.143541930299167,9.300836188893802,3.049727231883829,11,2216606,1875243,41,41,1.7577848927245292,1.182037305051828,6.626541182996363,6.0,4.0,2.0,4.0,4.0,0,1
H3K4me3_PGP_immune/samples/tcell/McGill0007/problems/chr10:133727527-135524747,0.9732979737463132,80,3.5743229057316817,23.53777864609931,4.851574862464694,5,51387,47630,80,80,5.959673938183445,1.078901509584497,56.208841423734576,4.0,3.0,1.0,2.0,2.0,0,1
H3K4me3_PGP_immune/samples/tcell/McGill0007/problems/chr1:144810724-145833118,0.9937436832137344,86,10.13656219897399,114.1482003816182,10.684016116686562,7,100804,89278,86,86,2.9370015444823427,1.1291150016241585,10.99231894260279,12.0,8.0,4.0,7.0,7.0,0,1
H3K4me3_PGP_immune/samples/tcell/McGill0007/problems/chr1:206482221-223747846,0.9671108487201612,70,3.969935256481842,20.09380087040415,4.482610943457412,6,807290,734282,69,69,4.935354213055793,1.0994292375807082,35.344371089902104,5.0,3.0,2.0,3.0,3.0,0,1
H3K4me3_PGP_immune/samples/tcell/McGill0007/problems/chr1:30028082-103863906,0.9688775121310734,89,4.125728531450809,21.291759165841864,4.61429942308059,8,3491164,3172478,89,89,4.545797502792689,1.1004536833521568,30.82437571448406,5.0,3.0,2.0,3.0,3.0,0,1
H3K4me3_PGP_immune/samples/tcell/McGill0007/problems/chr21:14338129-42955559,0.952684459905026,85,3.870122110429605,14.003180718937,3.742082404081583,10,1373845,1248542,90,90,4.312785677544055,1.100360340589536,32.87741227411428,5.0,3.0,2.0,3.0,3.0,0,1
H3K4me3_PGP_immune/samples/tcell/McGill0007/problems/chr2:149790582-234003741,0.9685161077353271,82,4.184718863220771,21.168836794596743,4.60096042089005,9,4262132,3865236,81,81,4.942161023840317,1.1026837954225293,36.7987417241656,5.0,3.0,2.0,3.0,3.0,0,1
H3K4me3_PGP_immune/samples/tcell/McGill0007/problems/chr2:21178113-87668206,0.9667652271341716,72,4.104486487767825,19.96425853023245,4.468138150307401,11,3204640,2910807,71,71,4.372269838654841,1.1009459235689358,27.846710385440343,5.0,3.0,2.0,3.0,3.0,0,1
H3K4me3_PGP_immune/samples/tcell/McGill0007/problems/chr3:60000-66170270,0.9637501650089748,69,4.016532029546184,18.22478041764379,4.269049123358009,9,3105388,2825001,68,68,4.244243429068333,1.099252389380531,27.37357745229411,5.0,3.0,2.0,3.0,3.0,0,1
H3K4me3_PGP_immune/samples/tcell/McGill0007/problems/chr6:62178589-95680543,0.9442786129411792,65,3.8333283999680834,11.952197335157653,3.457195009709121,9,1713160,1554044,65,65,4.659527085132028,1.102389058732609,39.81667061245555,5.0,3.0,2.0,3.0,3.0,0,1
H3K4me3_PGP_immune/samples/tcell/McGill0007/problems/chr9:70835468-92343416,0.9532343423883172,64,3.711520240978932,14.088791996008242,3.753503962434067,8,983076,895016,63,63,4.814208972219316,1.0983905297676575,38.513457356464734,5.0,3.0,2.0,3.0,3.0,0,1
H3K4me3_PGP_immune/samples/tcell/McGill0007/problems/chr9:92678796-133073060,0.9665694540673332,85,3.9793025823203263,19.66546179890349,4.434575718025738,8,1779153,1621410,84,84,4.167119160003852,1.0972882227741427,25.732031194197816,5.0,3.0,2.0,3.0,3.0,0,1
H3K4me3_PGP_immune/samples/tcell/McGill0008/problems/chr10:133727527-135524747,0.9937777774283476,105,5.871136284472445,92.88110885257798,9.637484570808816,6,69162,66031,106,106,4.041700419019603,1.0474329850068151,20.4732800981278,5.0,3.0,2.0,3.0,3.0,0,1
H3K4me3_PGP_immune/samples/tcell/McGill0008/problems/chr1:144810724-145833118,0.9990852314118374,258,18.629970068894675,805.535996398516,28.38196604181105,23,127325,112926,261,261,3.159119592722339,1.1275182643347357,11.759731095240056,16.0,11.0,5.0,8.0,8.0,0,1
H3K4me3_PGP_immune/samples/tcell/McGill0008/problems/chr1:206482221-223747846,0.9967484443580052,179,6.280987973075109,178.03490462142565,13.342972105997436,12,825744,788564,180,180,5.252261716660474,1.0471503228023633,32.10538006659646,5.0,3.0,2.0,3.0,3.0,0,1
H3K4me3_PGP_immune/samples/tcell/McGill0008/problems/chr1:30028082-103863906,0.9968059075474868,181,6.658880523034556,182.906034811293,13.524275759215094,24,3648795,3475105,181,181,4.794769874579919,1.049981525732755,26.781395091978293,5.0,3.0,2.0,3.0,3.0,0,1
H3K4me3_PGP_immune/samples/tcell/McGill0008/problems/chr21:14338129-42955559,0.9944977814695332,138,5.252783377411181,102.87882402030112,10.142919896178867,21,1350139,1297704,137,137,5.862446920390879,1.0404067802879395,41.014098792240986,5.0,3.0,2.0,3.0,3.0,0,1
H3K4me3_PGP_immune/samples/tcell/McGill0008/problems/chr2:149790582-234003741,0.9962926912708548,177,6.19971575922756,155.6706077377734,12.476802785079734,23,4357938,4164779,176,176,5.336033628778192,1.0463794228647962,33.443869041890466,5.0,3.0,2.0,3.0,3.0,0,1
H3K4me3_PGP_immune/samples/tcell/McGill0008/problems/chr2:21178113-87668206,0.996755499178232,176,6.558773239014606,179.97263827521573,13.415388114967667,22,3331348,3173919,175,175,4.851679475999516,1.0496011554173736,26.804766703432165,5.0,3.0,2.0,3.0,3.0,0,1
H3K4me3_PGP_immune/samples/tcell/McGill0008/problems/chr3:60000-66170270,0.9963178418731494,165,6.441219989620292,157.83749441290797,12.563339301830066,20,3309554,3156158,164,164,4.823482694292654,1.0486024617913494,27.509277746870573,5.0,3.0,2.0,3.0,3.0,0,1
H3K4me3_PGP_immune/samples/tcell/McGill0008/problems/chr6:62178589-95680543,0.9938751933618762,195,4.746673048443606,91.5078243799769,9.56597221300464,25,1612137,1554426,200,200,7.4288478405513585,1.037127555205301,68.16422574555723,5.0,3.0,2.0,3.0,3.0,0,1
H3K4me3_PGP_immune/samples/tcell/McGill0008/problems/chr9:70835468-92343416,0.9938546189795778,139,4.917321065928324,91.45411840117484,9.563164664543576,22,963830,928205,138,138,6.289639048016813,1.0383816488616726,48.78491240113965,5.0,3.0,2.0,3.0,3.0,0,1
H3K4me3_PGP_immune/samples/tcell/McGill0008/problems/chr9:92678796-133073060,0.9966624775269952,155,6.777856868989198,175.24929430366728,13.238175641064268,19,1909992,1817873,154,154,4.391010317502935,1.050674634957797,22.568910437290263,5.0,3.0,2.0,3.0,3.0,0,1
H3K4me3_PGP_immune/samples/tcell/McGill0009/problems/chr10:133727527-135524747,0.9913859429376196,94,5.428901624291549,66.45594460935779,8.152051558310815,6,66009,63166,98,98,3.611631801064727,1.0450249346948468,17.337317568557225,5.0,4.0,1.0,3.0,3.0,0,1
H3K4me3_PGP_immune/samples/tcell/McGill0009/problems/chr1:144810724-145833118,0.9987332549278026,171,16.860083374422878,556.4709966491067,23.589637484478363,13,124575,111545,170,170,2.827086366318847,1.1168238542637885,8.807181016763263,16.0,11.0,5.0,8.0,8.0,0,1
H3K4me3_PGP_immune/samples/tcell/McGill0009/problems/chr1:206482221-223747846,0.9951606590281428,133,5.6654368550819605,119.36973124080868,10.925645575470984,12,821914,784402,132,132,5.164906228451473,1.047823753411839,30.7333575008906,5.0,3.0,2.0,3.0,3.0,0,1
H3K4me3_PGP_immune/samples/tcell/McGill0009/problems/chr1:30028082-103863906,0.9949988160527672,132,5.97552613239619,116.16473644933012,10.777974598658606,16,3662020,3488333,131,131,4.60325031748797,1.0497911322660802,24.623919056958265,5.0,3.0,2.0,3.0,3.0,0,1
H3K4me3_PGP_immune/samples/tcell/McGill0009/problems/chr21:14338129-42955559,0.9916699569020588,110,4.929872960447674,68.26238789643783,8.262105536510523,20,1382883,1325965,110,110,5.448230456953493,1.0429265047919851,35.800761504373575,5.0,3.0,2.0,3.0,3.0,0,1
H3K4me3_PGP_immune/samples/tcell/McGill0009/problems/chr2:149790582-234003741,0.9945734763177528,161,5.741361586968856,106.3779479555999,10.31396858418717,18,4472791,4268666,160,160,5.310761315324061,1.047819634475884,34.08939252193073,5.0,3.0,2.0,3.0,3.0,0,1
H3K4me3_PGP_immune/samples/tcell/McGill0009/problems/chr2:21178113-87668206,0.994961435364164,143,5.902632227254638,115.26425418904402,10.736119140035846,19,3378156,3218909,142,142,4.784212308106122,1.0494726783120238,26.565884523666355,5.0,3.0,2.0,3.0,3.0,0,1
H3K4me3_PGP_immune/samples/tcell/McGill0009/problems/chr3:60000-66170270,0.994232450938062,140,5.792884174811926,100.31077422808843,10.015526657549689,19,3306832,3153675,139,139,4.590413408861246,1.048564943618142,24.956599043885515,5.0,3.0,2.0,3.0,3.0,0,1
H3K4me3_PGP_immune/samples/tcell/McGill0009/problems/chr6:62178589-95680543,0.990588184510051,132,4.528961629921391,59.983563331257706,7.744905637337211,17,1685917,1620299,132,132,7.075241632998077,1.0404981059039755,61.90264093586138,5.0,3.0,2.0,3.0,3.0,0,1
H3K4me3_PGP_immune/samples/tcell/McGill0009/problems/chr9:70835468-92343416,0.9909119474711418,120,4.637551407174702,62.191375237653176,7.886150850551439,19,975538,937126,119,119,5.79158186578156,1.0409902627717753,41.610135375049104,5.0,3.0,2.0,3.0,3.0,0,1
H3K4me3_PGP_immune/samples/tcell/McGill0009/problems/chr9:92678796-133073060,0.9947522173668332,133,5.972971444852546,110.71022356076884,10.521892584548128,16,1893910,1804018,132,132,4.307628820342706,1.049829353049334,21.87070990597513,5.0,3.0,2.0,3.0,3.0,0,1
H3K4me3_PGP_immune/samples/tcell/McGill0010/problems/chr10:133727527-135524747,0.9827975294127236,89,3.558019918752457,35.359135327083266,5.946354793239575,8,32563,30524,91,91,7.731321487297377,1.0668348458539465,77.44311971703414,4.0,3.0,1.0,2.0,2.0,0,1
H3K4me3_PGP_immune/samples/tcell/McGill0010/problems/chr1:144810724-145833118,0.9871973814377882,68,9.094940175261206,51.2352356047796,7.157879267267617,6,104130,94944,67,67,2.24365454474559,1.0967633211505852,8.191045590575722,12.0,8.0,4.0,8.0,8.0,0,1
H3K4me3_PGP_immune/samples/tcell/McGill0010/problems/chr1:206482221-223747846,0.9358202200065368,49,3.679252395918416,9.48217290330889,3.0793137065438607,8,799794,748043,48,48,3.5665351828905654,1.0691832811526625,25.35549213047977,5.0,3.0,2.0,3.0,3.0,0,1
H3K4me3_PGP_immune/samples/tcell/McGill0010/problems/chr1:30028082-103863906,0.9387681182935038,57,3.8975451428515866,9.992723194352209,3.161126886784554,7,3525324,3291108,56,56,3.0881582104951995,1.0711666317746582,19.967761330970585,5.0,3.0,2.0,3.0,3.0,0,1
H3K4me3_PGP_immune/samples/tcell/McGill0010/problems/chr21:14338129-42955559,0.9236847075005196,71,3.7889456735022486,8.02374071676835,2.832620821212813,9,1400056,1306692,73,73,2.681444068684492,1.0714514755209916,20.22371838901952,5.0,3.0,2.0,3.0,3.0,0,1
H3K4me3_PGP_immune/samples/tcell/McGill0010/problems/chr2:149790582-234003741,0.9477634309945454,80,4.161437036862504,11.799752674979008,3.435076807726285,8,4557767,4244150,79,79,3.861453970890197,1.0738942011696573,30.93023356344763,5.0,3.0,2.0,4.0,4.0,0,1
H3K4me3_PGP_immune/samples/tcell/McGill0010/problems/chr2:21178113-87668206,0.937045241040986,61,3.872465693297667,9.717405672834843,3.117275360444573,6,3233322,3018725,60,60,3.2854100735122937,1.071088976666963,23.768956989851382,5.0,3.0,2.0,3.0,3.0,0,1
H3K4me3_PGP_immune/samples/tcell/McGill0010/problems/chr3:60000-66170270,0.9291934134282304,56,3.748157061501909,8.621655852839435,2.9362656304972536,6,3071180,2869602,55,55,2.7328677998899686,1.070246351322013,16.829857461299163,5.0,3.0,2.0,3.0,3.0,0,1
H3K4me3_PGP_immune/samples/tcell/McGill0010/problems/chr6:62178589-95680543,0.9170205180353782,50,3.928564014513,7.400910620873081,2.7204614720434988,6,1849757,1724523,49,49,2.568973851541909,1.072620123141369,19.32694454034636,5.0,3.0,2.0,3.0,3.0,0,1
H3K4me3_PGP_immune/samples/tcell/McGill0010/problems/chr9:70835468-92343416,0.9208924682192002,75,3.536926396334275,7.701337911547602,2.7751284495582547,7,961592,899140,82,82,3.338071264764032,1.0694586710174956,34.1363332450766,5.0,3.0,2.0,3.0,3.0,0,1
H3K4me3_PGP_immune/samples/tcell/McGill0010/problems/chr9:92678796-133073060,0.9279562032233007,60,3.52465356897724,8.415274887959868,2.9009093208785184,6,1653530,1548721,59,59,3.0357170453674573,1.0676752414897464,21.29032206513836,5.0,3.0,2.0,3.0,3.0,0,1
H3K4me3_PGP_immune/samples/tcell/McGill0011/problems/chr10:133727527-135524747,0.9927599403680308,120,5.529253559006999,79.3080737813645,8.905508058576135,8,74235,71017,126,126,4.8561100588189765,1.04532781345049,34.30937811977859,5.0,3.0,2.0,3.0,3.0,0,1
H3K4me3_PGP_immune/samples/tcell/McGill0011/problems/chr1:144810724-145833118,0.9987278367987352,181,15.2350851812666,536.7553604838589,23.167981364026065,20,102197,92626,181,181,3.085897609905772,1.1033414304993252,10.501974691080813,14.0,10.0,4.0,7.0,7.0,0,1
H3K4me3_PGP_immune/samples/tcell/McGill0011/problems/chr1:206482221-223747846,0.9951908796462104,156,5.497836630126388,117.9241586401458,10.859289048558647,9,756524,726413,155,155,5.332384909769184,1.0414530596961504,33.753472193627545,5.0,3.0,2.0,3.0,3.0,0,1
H3K4me3_PGP_immune/samples/tcell/McGill0011/problems/chr1:30028082-103863906,0.9947750767537962,156,5.5884357497679655,108.87017529837232,10.43408718088805,13,3266528,3133156,155,155,4.854065943967568,1.0425682738326063,28.295127571212515,5.0,3.0,2.0,3.0,3.0,0,1
H3K4me3_PGP_immune/samples/tcell/McGill0011/problems/chr21:14338129-42955559,0.9906743966403484,117,4.539501804205783,59.74597127685293,7.729551816040367,16,1216449,1174478,117,117,5.794211255523456,1.0357367577227992,41.714087951143725,5.0,3.0,2.0,3.0,3.0,0,1
H3K4me3_PGP_immune/samples/tcell/McGill0011/problems/chr2:149790582-234003741,0.9931994762885455,126,5.046762632538782,82.73282989388018,9.095758895984446,18,3683965,3545566,125,125,5.295134549022821,1.03903468135544,33.53077682523237,5.0,3.0,2.0,3.0,3.0,0,1
H3K4me3_PGP_immune/samples/tcell/McGill0011/problems/chr2:21178113-87668206,0.9944470949682253,139,5.46269786145258,102.26646679678944,10.112688405997163,24,2950328,2831969,138,138,4.914135373222498,1.0417942575622323,28.51274945612316,5.0,3.0,2.0,3.0,3.0,0,1
H3K4me3_PGP_immune/samples/tcell/McGill0011/problems/chr3:60000-66170270,0.9941000760712811,133,5.449007522838128,96.17453766372373,9.80686176428136,14,2965615,2846665,132,132,4.805416600395768,1.0417861047176624,27.42567382244715,5.0,3.0,2.0,3.0,3.0,0,1
H3K4me3_PGP_immune/samples/tcell/McGill0011/problems/chr6:62178589-95680543,0.9893249462356392,127,4.119324764489625,51.66186934426983,7.18761917078735,24,1399105,1355142,127,127,7.1337953881862965,1.0324423805345715,64.26307685965216,4.0,2.0,2.0,3.0,3.0,0,1
H3K4me3_PGP_immune/samples/tcell/McGill0011/problems/chr9:70835468-92343416,0.989942812715105,116,4.372484059372454,55.13375580143345,7.42521082538627,16,911361,881082,116,116,6.223069175088728,1.03436687432824,48.57480911974028,4.0,2.0,2.0,3.0,3.0,0,1
H3K4me3_PGP_immune/samples/tcell/McGill0011/problems/chr9:92678796-133073060,0.9947116176712616,150,5.764138149830558,107.8821365825442,10.386632591102094,16,1809346,1733625,149,149,4.644921058673022,1.0436784446915826,26.360614101264098,5.0,3.0,2.0,3.0,3.0,0,1
H3K4me3_PGP_immune/samples/tcell/McGill0024/problems/chr10:133727527-135524747,0.9787458894377686,114,5.800994162187157,68.8323693948564,8.296527550418693,11,50470,34602,117,117,5.333865492708628,1.4586283633421,45.03944287837679,7.0,5.0,2.0,4.0,4.0,0,1
H3K4me3_PGP_immune/samples/tcell/McGill0024/problems/chr1:144810724-145833118,0.9962121619320654,185,16.97407443778847,448.9206018840136,21.18774650320353,14,142158,91647,187,187,3.1606531882049023,1.55116426248827,12.22927803258356,19.0,14.0,5.0,10.0,10.0,0,1
H3K4me3_PGP_immune/samples/tcell/McGill0024/problems/chr1:206482221-223747846,0.9829981190933896,153,6.754452324665091,98.37420594512656,9.918377183043935,17,981990,634500,153,153,5.148994227270463,1.547662013651716,36.25064426387992,8.0,6.0,2.0,4.0,4.0,0,1
H3K4me3_PGP_immune/samples/tcell/McGill0024/problems/chr1:30028082-103863906,0.9834332792836268,145,7.157175263741246,101.48550044763556,10.074001213402523,19,4346732,2803221,152,152,4.585716954094677,1.5506210714820814,28.97201593157886,8.0,6.0,2.0,5.0,5.0,0,1
H3K4me3_PGP_immune/samples/tcell/McGill0024/problems/chr21:14338129-42955559,0.9732466057476978,134,6.336427074371096,63.057001197656106,7.94084385929204,20,1665730,1071626,133,133,4.744422661080936,1.554396360667211,35.11537584952755,8.0,6.0,2.0,4.0,4.0,0,1
H3K4me3_PGP_immune/samples/tcell/McGill0024/problems/chr2:149790582-234003741,0.9847782174583062,187,7.329556075170242,112.72920943591852,10.617401256235846,22,5431884,3470948,189,189,5.221625865356887,1.5649573444941682,38.23262325254533,8.0,6.0,2.0,5.0,5.0,0,1
H3K4me3_PGP_immune/samples/tcell/McGill0024/problems/chr2:21178113-87668206,0.9828419464466271,188,7.015437262564677,97.6043321298594,9.879490479263564,20,3977122,2568331,197,197,4.933377303476656,1.5485245276113273,35.266611026878394,8.0,6.0,2.0,5.0,5.0,0,1
H3K4me3_PGP_immune/samples/tcell/McGill0024/problems/chr3:60000-66170270,0.9786966851321908,145,6.758521815479454,77.65677443499385,8.812308121882362,21,3848742,2498822,144,144,4.454303940033345,1.5402231692466166,29.662597032245888,8.0,6.0,2.0,4.0,4.0,0,1
H3K4me3_PGP_immune/samples/tcell/McGill0024/problems/chr6:62178589-95680543,0.9686305969536778,138,6.080925071453924,54.88036749902789,7.408128474792259,18,2099128,1338275,137,137,5.678370523518334,1.5685337980114684,51.81429490922271,8.0,6.0,2.0,4.0,4.0,0,1
H3K4me3_PGP_immune/samples/tcell/McGill0024/problems/chr9:70835468-92343416,0.9740961384239972,137,6.041631150691016,64.10810994757416,8.006754020673682,18,1160222,752009,136,136,5.184751558397983,1.5428319911490302,40.53913267343171,7.0,5.0,2.0,4.0,4.0,0,1
H3K4me3_PGP_immune/samples/tcell/McGill0024/problems/chr9:92678796-133073060,0.979569665714318,166,6.608449996633842,79.54279912644905,8.918676982963843,19,2110394,1381397,167,167,4.495932260226668,1.527725576156294,31.15436248166057,8.0,6.0,2.0,4.0,4.0,0,1
H3K4me3_PGP_immune/samples/tcell/McGill0025/problems/chr10:133727527-135524747,0.9915348329457352,186,5.309286765382139,70.70725947474162,8.408760876296913,11,92124,86984,199,199,11.882139343681866,1.0591035029833415,198.943782868964,6.0,4.0,2.0,4.0,4.0,0,1
H3K4me3_PGP_immune/samples/tcell/McGill0025/problems/chr1:144810724-145833118,0.9945729645844048,108,12.350462948862424,120.97860568523062,10.999027488156878,7,144042,131332,107,107,2.919524296706134,1.0967859835073213,12.57145556748015,15.0,9.0,6.0,10.0,10.0,0,1
H3K4me3_PGP_immune/samples/tcell/McGill0025/problems/chr1:206482221-223747846,0.969944757454777,71,5.454616718475919,19.77571828585702,4.4469898005119175,23,1370718,1293527,70,70,4.656956497584937,1.0596756462568204,36.53992618790744,7.0,4.0,3.0,5.0,5.0,0,1
H3K4me3_PGP_immune/samples/tcell/McGill0025/problems/chr1:30028082-103863906,0.9699839205933084,91,5.5325988251768985,19.876351599506137,4.458290210327961,30,5840869,5504999,92,92,4.116698107936231,1.0610120112668524,29.27239920428503,7.0,4.0,3.0,5.0,5.0,0,1
H3K4me3_PGP_immune/samples/tcell/McGill0025/problems/chr21:14338129-42955559,0.961448885947638,107,5.499957384689316,15.48033031217717,3.934505091136263,33,2339998,2205780,106,106,3.971932676371588,1.0608487976356653,37.19502280708475,7.0,4.0,3.0,5.0,5.0,0,1
H3K4me3_PGP_immune/samples/tcell/McGill0025/problems/chr2:149790582-234003741,0.96955665361694,98,5.655034003965845,19.644701037083344,4.432234316581575,21,7030445,6619522,97,97,4.58573032772216,1.0620776035003137,38.07746949853173,7.0,4.0,3.0,5.0,5.0,0,1
H3K4me3_PGP_immune/samples/tcell/McGill0025/problems/chr2:21178113-87668206,0.9689696047165004,81,5.537438046145599,19.237811883277733,4.386093008963414,34,5326688,5020067,81,81,4.182599593424463,1.0610792766469603,30.96673578172168,7.0,4.0,3.0,5.0,5.0,0,1
H3K4me3_PGP_immune/samples/tcell/McGill0025/problems/chr3:60000-66170270,0.966192724578566,77,5.403442956487774,17.573942910739497,4.192128684897387,20,5143748,4854084,76,76,3.809270010795213,1.0596745049476903,26.64620284522531,7.0,4.0,3.0,5.0,5.0,0,1
H3K4me3_PGP_immune/samples/tcell/McGill0025/problems/chr6:62178589-95680543,0.9524455795132564,76,5.584326436247111,12.582309221690126,3.547155088474442,25,2913954,2744009,76,76,3.357848506513069,1.0619334929052684,28.460430088070577,7.0,4.0,3.0,5.0,5.0,0,1
H3K4me3_PGP_immune/samples/tcell/McGill0025/problems/chr9:70835468-92343416,0.9569167755530772,97,5.270570937462614,13.757049869380324,3.7090497259244617,15,1708533,1613259,97,97,4.070026086323212,1.0590575097101642,40.00257589253371,7.0,4.0,3.0,5.0,5.0,0,1
H3K4me3_PGP_immune/samples/tcell/McGill0025/problems/chr9:92678796-133073060,0.967693628441586,79,5.31652237981212,18.352934301617847,4.284032481391551,19,3018253,2850225,79,79,3.829945548761472,1.0589529103677466,26.116048425948406,7.0,4.0,3.0,5.0,5.0,0,1
H3K4me3_PGP_immune/samples/tcell/McGill0026/problems/chr10:133727527-135524747,0.9774666185871852,95,3.033374779137491,24.639507374908263,4.963819837071876,6,47439,45843,96,96,10.58540655255362,1.034837048994372,152.8490187286912,4.0,3.0,1.0,2.0,2.0,0,1
H3K4me3_PGP_immune/samples/tcell/McGill0026/problems/chr1:144810724-145833118,0.9828358876926164,47,7.248272720370511,34.5064268623786,5.874217127616121,5,83692,79026,46,46,2.2450153847668712,1.0590572603606454,7.711332142426555,9.0,6.0,3.0,6.0,6.0,0,1
H3K4me3_PGP_immune/samples/tcell/McGill0026/problems/chr1:206482221-223747846,0.9195283985125848,39,3.105600972907236,6.929650960148918,2.6324230207451307,5,675704,651244,38,38,3.3273764234273058,1.0375604804965275,21.244262758212788,4.0,2.0,2.0,3.0,3.0,0,1
H3K4me3_PGP_immune/samples/tcell/McGill0026/problems/chr1:30028082-103863906,0.9247225106486252,70,3.1914163666000275,7.418770416266962,2.723741987829788,6,2924178,2817152,69,69,3.465219192732284,1.0379912187880591,26.71111187889544,4.0,2.0,2.0,3.0,3.0,0,1
H3K4me3_PGP_immune/samples/tcell/McGill0026/problems/chr21:14338129-42955559,0.8984835484267587,44,3.0759020948342046,5.500004235945234,2.345208783018099,14,1135450,1094120,43,43,2.409587281550694,1.0377755984495287,14.006474391268508,4.0,2.0,2.0,3.0,3.0,0,1
H3K4me3_PGP_immune/samples/tcell/McGill0026/problems/chr2:149790582-234003741,0.9202810231513056,49,3.2517423585550977,7.017113070384881,2.648983403191662,6,3540722,3409172,48,48,3.1442332370728585,1.038587386786993,20.32118106408662,4.0,2.0,2.0,3.0,3.0,0,1
H3K4me3_PGP_immune/samples/tcell/McGill0026/problems/chr2:21178113-87668206,0.92196175988768,46,3.179323046699136,7.155686774263221,2.675011546566336,7,2662702,2565465,45,45,3.211563065053834,1.0379026951849646,20.1363831772742,4.0,2.0,2.0,3.0,3.0,0,1
H3K4me3_PGP_immune/samples/tcell/McGill0026/problems/chr3:60000-66170270,0.9152241990094502,43,3.1073194181570463,6.5711774292369,2.563430792753512,7,2575874,2483763,42,42,2.9262327546382547,1.0370856789016016,17.142294010684168,4.0,2.0,2.0,3.0,3.0,0,1
H3K4me3_PGP_immune/samples/tcell/McGill0026/problems/chr6:62178589-95680543,0.8938986214417683,45,3.140549177590077,5.266783989112792,2.294947491580753,6,1423591,1371214,44,44,2.526974564503909,1.0381982959613132,17.37454811719872,4.0,2.0,2.0,3.0,3.0,0,1
H3K4me3_PGP_immune/samples/tcell/McGill0026/problems/chr9:70835468-92343416,0.8901494448236923,47,2.93643105738932,5.052836531674081,2.247851536840029,5,811614,783543,48,48,2.52115807249941,1.0358270520278428,16.499451268640897,4.0,3.0,1.0,3.0,3.0,0,1
H3K4me3_PGP_immune/samples/tcell/McGill0026/problems/chr9:92678796-133073060,0.9202398569099758,41,3.049394751124884,6.98184434715665,2.642317987517144,6,1480690,1427925,40,40,3.0930244272289635,1.0369529470756147,18.22496773577509,4.0,3.0,1.0,3.0,3.0,0,1
H3K4me3_PGP_immune/samples/tcell/McGill0027/problems/chr10:133727527-135524747,0.9890496766508023,169,5.599262787605406,94.72185965546424,9.732515587219178,9,76126,59413,177,177,9.4600201219784,1.2813236383222244,125.97848056270936,6.0,4.0,2.0,4.0,4.0,0,1
H3K4me3_PGP_immune/samples/tcell/McGill0027/problems/chr1:144810724-145833118,0.9925008462843908,120,12.761028929828276,159.03626689866996,12.610958206998784,9,134404,99171,121,121,2.6989830644132446,1.355288897852173,10.03311092897744,16.0,11.0,5.0,9.0,9.0,0,1
H3K4me3_PGP_immune/samples/tcell/McGill0027/problems/chr1:206482221-223747846,0.9647411062339222,89,5.627407496470861,32.034109333503544,5.65986831414862,14,1192826,898236,88,88,4.2108842566237294,1.3279665121042934,29.64056976434224,7.0,5.0,2.0,4.0,4.0,0,1
H3K4me3_PGP_immune/samples/tcell/McGill0027/problems/chr1:30028082-103863906,0.9640526628225744,100,5.725461062869124,31.507094342174472,5.613118058813165,18,5112312,3845083,99,99,3.7403741796534233,1.3295716450260358,23.76301444108492,7.0,5.0,2.0,4.0,4.0,0,1
H3K4me3_PGP_immune/samples/tcell/McGill0027/problems/chr21:14338129-42955559,0.9524547624285354,119,5.568383382097235,23.9913774894399,4.898099375210746,16,2043591,1533238,126,126,3.511192155356736,1.3328604775386976,28.13968041261684,7.0,5.0,2.0,5.0,5.0,0,1
H3K4me3_PGP_immune/samples/tcell/McGill0027/problems/chr2:149790582-234003741,0.9623439590942212,116,5.819899483207194,30.543483907101862,5.526615954370438,15,6212979,4644995,115,115,4.016686509932287,1.3375644833986868,30.51706786834179,7.0,4.0,3.0,5.0,5.0,0,1
H3K4me3_PGP_immune/samples/tcell/McGill0027/problems/chr2:21178113-87668206,0.9619033677544584,94,5.690521863122486,29.73411578705072,5.452899759490424,14,4655334,3501627,93,93,3.66449102227833,1.3294777911747286,23.27160772864541,7.0,5.0,2.0,4.0,4.0,0,1
H3K4me3_PGP_immune/samples/tcell/McGill0027/problems/chr3:60000-66170270,0.9589919075400424,89,5.571274485516555,27.45070332242448,5.239341878750086,14,4507328,3398846,88,88,3.4429643565213537,1.3261352018112036,21.108618641961904,7.0,5.0,2.0,4.0,4.0,0,1
H3K4me3_PGP_immune/samples/tcell/McGill0027/problems/chr6:62178589-95680543,0.94410416840641,78,5.576342796116586,20.636620649172183,4.542754742353166,14,2543633,1898948,77,77,3.1476512288338103,1.339496573627384,22.411423565488533,7.0,4.0,3.0,5.0,5.0,0,1
H3K4me3_PGP_immune/samples/tcell/McGill0027/problems/chr9:70835468-92343416,0.9455628679131792,76,5.300264209363393,20.74655334968616,4.554838454839662,12,1473398,1109726,75,75,3.121359090850108,1.327714523868526,20.265143850397106,7.0,5.0,2.0,4.0,4.0,0,1
H3K4me3_PGP_immune/samples/tcell/McGill0027/problems/chr9:92678796-133073060,0.9626052998734838,88,5.552031367297767,29.824615676901328,5.461191781736046,13,2621502,1983467,93,93,3.4373875679696475,1.321677306291109,19.67810402571418,7.0,5.0,2.0,4.0,4.0,0,1
H3K4me3_PGP_immune/samples/tcell/McGill0028/problems/chr10:133727527-135524747,0.9879141845664976,133,3.899806065742084,46.03256152429365,6.78473002589592,11,63411,61361,137,137,11.197084608999214,1.0334256844850065,167.35115665171458,4.0,2.0,2.0,3.0,3.0,0,1
H3K4me3_PGP_immune/samples/tcell/McGill0028/problems/chr1:144810724-145833118,0.9914895400975828,75,9.931479044247132,70.51330402593396,8.397220017716219,6,114745,107894,74,74,2.671813621919047,1.063507363777075,10.816284961575706,13.0,8.0,5.0,8.0,8.0,0,1
H3K4me3_PGP_immune/samples/tcell/McGill0028/problems/chr1:206482221-223747846,0.9594640754899826,57,4.004521202902236,13.48332066495377,3.671964142656321,6,903550,876979,56,56,4.529444427351438,1.030299505802882,33.34690057183866,5.0,3.0,2.0,3.0,3.0,0,1
H3K4me3_PGP_immune/samples/tcell/McGill0028/problems/chr1:30028082-103863906,0.959494184914784,85,4.104166524387073,13.508234676161184,3.6753550408309104,7,3923794,3807058,85,85,4.193270321554458,1.0306633181483755,30.60816131340477,5.0,3.0,2.0,3.0,3.0,0,1
H3K4me3_PGP_immune/samples/tcell/McGill0028/problems/chr21:14338129-42955559,0.9438167094909052,72,3.934631673815671,9.7240932820003,3.118347844933323,15,1520032,1475730,73,73,3.648895053968996,1.0300210946589787,27.78463356843401,5.0,3.0,2.0,3.0,3.0,0,1
H3K4me3_PGP_immune/samples/tcell/McGill0028/problems/chr2:149790582-234003741,0.9605362869833808,112,4.228373486375496,13.90322772624063,3.7287032231381234,21,4791475,4644646,111,111,5.362778854643385,1.0316127497365246,62.40628162031168,5.0,3.0,2.0,4.0,4.0,0,1
H3K4me3_PGP_immune/samples/tcell/McGill0028/problems/chr2:21178113-87668206,0.9575715747669284,68,4.100992726121348,12.902590145721236,3.592017559216719,12,3597526,3489885,67,67,4.139932119284365,1.0308440051302563,29.68268723750613,5.0,3.0,2.0,3.0,3.0,0,1
H3K4me3_PGP_immune/samples/tcell/McGill0028/problems/chr3:60000-66170270,0.9536359340180816,60,4.022940052969414,11.78730316616957,3.4332642144422225,9,3496004,3393279,59,59,3.827123610132377,1.0302733816681098,26.49375744956929,5.0,3.0,2.0,3.0,3.0,0,1
H3K4me3_PGP_immune/samples/tcell/McGill0028/problems/chr6:62178589-95680543,0.9369670155415188,58,3.972654246482362,8.665998247375429,2.943806761215048,8,1881986,1826865,57,57,3.856658446455945,1.0301730178053758,34.40373840613195,5.0,3.0,2.0,4.0,4.0,0,1
H3K4me3_PGP_immune/samples/tcell/McGill0028/problems/chr9:70835468-92343416,0.9344666453446648,64,3.716303006213259,8.301936695390241,2.8813081569645136,5,1081822,1051622,66,66,3.5051456848545954,1.0287185212162937,27.63665961931812,5.0,3.0,2.0,3.0,3.0,0,1
H3K4me3_PGP_immune/samples/tcell/McGill0028/problems/chr9:92678796-133073060,0.9539249582573428,51,3.898915171086646,11.845926399356795,3.441791161496699,6,1994966,1937264,50,50,3.60210533966306,1.029785837028839,22.09939188385356,5.0,3.0,2.0,3.0,3.0,0,1
H3K4me3_PGP_immune/samples/tcell/McGill0029/problems/chr10:133727527-135524747,0.9833983580848196,106,5.2140375694285535,39.6115489057467,6.293770642925169,7,52692,48071,118,118,6.380351022200109,1.0961514458081965,70.98217205576753,7.0,5.0,2.0,4.0,4.0,0,1
H3K4me3_PGP_immune/samples/tcell/McGill0029/problems/chr1:144810724-145833118,0.9946768876560056,119,13.946254734403857,139.97185085857737,11.830969988068492,9,146608,127788,118,118,2.6695596169551083,1.147284152535078,12.299147883288573,18.0,12.0,6.0,11.0,11.0,0,1
H3K4me3_PGP_immune/samples/tcell/McGill0029/problems/chr1:206482221-223747846,0.9660863693895402,82,5.743709605606201,19.58271307419464,4.425235934297135,7,1319772,1197103,81,81,4.435473620343794,1.1024724710175071,41.78213065611794,7.0,4.0,3.0,5.0,5.0,0,1
H3K4me3_PGP_immune/samples/tcell/McGill0029/problems/chr1:30028082-103863906,0.9686680367004352,87,6.035622898991864,21.326586308461128,4.618071708891183,8,5719068,5176979,86,86,3.821468474095437,1.1047116676949371,30.68091648257404,8.0,5.0,3.0,5.0,5.0,0,1
H3K4me3_PGP_immune/samples/tcell/McGill0029/problems/chr21:14338129-42955559,0.9654132299578334,128,6.217417139686247,19.46336573377591,4.411730469302936,25,2394472,2162525,132,132,3.937636693060589,1.1072580003736374,43.78146805824976,8.0,5.0,3.0,6.0,6.0,0,1
H3K4me3_PGP_immune/samples/tcell/McGill0029/problems/chr2:149790582-234003741,0.9720729492467366,102,6.375258725112038,24.144519389080187,4.913707295828699,14,7335044,6618511,101,101,4.75705596704913,1.1082621315069403,45.46879826594048,8.0,4.0,4.0,6.0,6.0,0,1
H3K4me3_PGP_immune/samples/tcell/McGill0029/problems/chr2:21178113-87668206,0.9678326875631516,109,6.050106243553246,20.801447395792472,4.560860378896998,13,5266750,4764995,110,110,4.172954361753549,1.1053004473877617,40.33800566680679,8.0,5.0,3.0,5.0,5.0,0,1
H3K4me3_PGP_immune/samples/tcell/McGill0029/problems/chr3:60000-66170270,0.9619242444938626,76,5.716834062126052,17.477830509631485,4.180649532026272,9,4886582,4429929,75,75,3.164559599621536,1.1030838424461975,22.472020718805563,7.0,4.0,3.0,5.0,5.0,0,1
H3K4me3_PGP_immune/samples/tcell/McGill0029/problems/chr6:62178589-95680543,0.954949814214019,102,6.373543668303613,14.993403803339586,3.8721316872414846,8,3138464,2829455,101,101,2.738648617842439,1.109211883282075,25.30938604427441,8.0,4.0,4.0,6.0,6.0,0,1
H3K4me3_PGP_immune/samples/tcell/McGill0029/problems/chr9:70835468-92343416,0.9584739938006926,83,5.6634043975013375,16.05621752181238,4.007021028371623,8,1648564,1493439,84,84,3.3180533934985035,1.1038717375612512,26.84269133452889,7.0,4.0,3.0,5.0,5.0,0,1
H3K4me3_PGP_immune/samples/tcell/McGill0029/problems/chr9:92678796-133073060,0.9618301281726668,79,5.5167982528459145,17.347098057496297,4.164984760775998,12,2724371,2474424,78,78,3.1892425226491223,1.1010126401185245,23.290401139322,7.0,4.0,3.0,5.0,5.0,0,1
H3K4me3_PGP_immune/samples/tcell/McGill0059/problems/chr10:133727527-135524747,0.9977927355050192,273,9.631338753627684,446.57170314360354,21.132243211348943,17,56153,45139,316,316,8.925915600987551,1.2440294208870577,99.67442779679072,11.0,9.0,2.0,5.0,5.0,0,1
H3K4me3_PGP_immune/samples/tcell/McGill0059/problems/chr1:144810724-145833118,0.999161772908572,338,22.37329077263801,1325.650982798367,36.40949028479206,14,146822,111527,341,341,4.337672868249104,1.3164822552588633,22.47043952900259,22.0,16.0,6.0,12.0,12.0,0,1
H3K4me3_PGP_immune/samples/tcell/McGill0059/problems/chr1:206482221-223747846,0.9949035951061088,228,7.69156491943354,185.97725291525697,13.637347722898944,12,1151874,922220,228,228,7.163376648880546,1.249024364061031,68.82583566334614,8.0,5.0,3.0,5.0,5.0,0,1
H3K4me3_PGP_immune/samples/tcell/McGill0059/problems/chr1:30028082-103863906,0.9949641462835156,247,8.290124583837686,189.95189074334,13.782303535452266,16,5003592,3992733,246,246,6.175850583272425,1.2531750190095403,52.84097260211608,9.0,6.0,3.0,5.0,5.0,0,1
H3K4me3_PGP_immune/samples/tcell/McGill0059/problems/chr21:14338129-42955559,0.9908296891707464,211,6.919849880196516,103.16672281766463,10.157102087587022,27,1963494,1573410,210,210,7.150353023841629,1.2479234579184433,75.41926975578288,8.0,5.0,3.0,5.0,5.0,0,1
H3K4me3_PGP_immune/samples/tcell/McGill0059/problems/chr2:149790582-234003741,0.9962186960799532,323,8.777357398086112,257.1796683379835,16.036822264338515,39,6420240,5094865,323,323,7.258617850512047,1.2601396229614763,72.50422258066804,9.0,6.0,3.0,5.0,5.0,0,1
H3K4me3_PGP_immune/samples/tcell/McGill0059/problems/chr2:21178113-87668206,0.9945891648132962,306,7.876552262658856,175.47716961118573,13.246779593968707,28,4598122,3678018,311,311,7.209635037631955,1.250163335297254,76.46277850575487,8.0,5.0,3.0,5.0,5.0,0,1
H3K4me3_PGP_immune/samples/tcell/McGill0059/problems/chr3:60000-66170270,0.9931784326230686,231,7.897330815335514,138.63372387980468,11.774282308480831,19,4511666,3614512,231,231,6.011053479806126,1.248209232175528,54.08675586352895,9.0,6.0,3.0,5.0,5.0,0,1
H3K4me3_PGP_immune/samples/tcell/McGill0059/problems/chr6:62178589-95680543,0.9898109862486608,237,6.8167392710151,94.03646931227716,9.697240293623604,14,2651426,2112362,238,238,9.07072731291946,1.2551954897860735,119.07613780468073,8.0,5.0,3.0,5.0,5.0,0,1
H3K4me3_PGP_immune/samples/tcell/McGill0059/problems/chr9:70835468-92343416,0.9912026713222056,279,6.602653444740533,106.61573800961834,10.325489722508,23,1336512,1074377,378,378,8.412350374731222,1.2439890690037751,132.6637912095448,7.0,5.0,2.0,4.0,4.0,0,1
H3K4me3_PGP_immune/samples/tcell/McGill0059/problems/chr9:92678796-133073060,0.9931345280005396,202,7.786911893917047,136.3587014231405,11.67727285898298,13,2368848,1905226,201,201,5.105529014005142,1.243342912254458,37.592243587707415,8.0,6.0,2.0,5.0,5.0,0,1
H3K4me3_PGP_immune/samples/tcell/McGill0095/problems/chr10:133727527-135524747,0.9938121593868624,150,6.822063680803277,111.96236693953044,10.581227099893963,10,42084,37845,164,164,6.391935228918594,1.1120388965225665,61.1115186549319,8.0,6.0,2.0,4.0,4.0,0,1
H3K4me3_PGP_immune/samples/tcell/McGill0095/problems/chr1:144810724-145833118,0.9989565764409304,265,17.868588243161906,779.429636014605,27.91826706682571,12,123162,104671,265,265,4.210170012295786,1.176669532817426,21.31914580390297,18.0,13.0,5.0,10.0,10.0,0,1
H3K4me3_PGP_immune/samples/tcell/McGill0095/problems/chr1:206482221-223747846,0.9931285733997371,190,6.064627988301268,100.20135432163156,10.010062653232074,10,950862,852742,189,189,7.1651290576514,1.1150654184564832,69.28895072252061,6.0,4.0,2.0,4.0,4.0,0,1
H3K4me3_PGP_immune/samples/tcell/McGill0095/problems/chr1:30028082-103863906,0.9939305313272614,199,6.707720278867726,114.7945004226314,10.714219543327989,16,4224178,3773115,200,200,6.369896258930889,1.1195468782549374,55.34236239735471,7.0,5.0,2.0,4.0,4.0,0,1
H3K4me3_PGP_immune/samples/tcell/McGill0095/problems/chr21:14338129-42955559,0.9903828844394316,197,5.8990209847304165,71.85398026055422,8.476672711657223,21,1695114,1518771,199,199,7.659493054381016,1.1161097467029242,87.69794682284142,7.0,5.0,2.0,4.0,4.0,0,1
H3K4me3_PGP_immune/samples/tcell/McGill0095/problems/chr2:149790582-234003741,0.9952736900021946,280,7.048406924850011,149.0904683143129,12.21026077994704,35,5497809,4893680,288,288,7.484336243879299,1.1234510886390383,77.20976021029588,7.0,4.0,3.0,4.0,4.0,0,1
H3K4me3_PGP_immune/samples/tcell/McGill0095/problems/chr2:21178113-87668206,0.9930684588956914,239,6.408234393949051,99.93176606062222,9.99658772084866,21,3909000,3498691,242,242,6.983178753865139,1.1172753230494843,70.416607981942,7.0,5.0,2.0,4.0,4.0,0,1
H3K4me3_PGP_immune/samples/tcell/McGill0095/problems/chr3:60000-66170270,0.9913502496983506,182,6.2881521453419085,79.6644267861411,8.925493083641996,11,3695900,3313621,181,181,6.03874616104829,1.1153662761571936,54.38679542546048,7.0,5.0,2.0,4.0,4.0,0,1
H3K4me3_PGP_immune/samples/tcell/McGill0095/problems/chr6:62178589-95680543,0.9874814669049838,198,5.747970965093782,55.49490355268768,7.449490153875478,10,2331027,2083010,198,198,9.15016348797205,1.1190671763780184,123.38841907296704,7.0,4.0,3.0,5.0,5.0,0,1
H3K4me3_PGP_immune/samples/tcell/McGill0095/problems/chr9:70835468-92343416,0.9898593335170226,187,5.460326968774918,67.52469324303368,8.217341008077593,12,1121968,1008292,204,204,7.620804704715738,1.1127422539723155,85.22824258892436,6.0,4.0,2.0,4.0,4.0,0,1
H3K4me3_PGP_immune/samples/tcell/McGill0095/problems/chr9:92678796-133073060,0.9917390526401562,168,6.275945816262503,83.04317283360149,9.11280268817456,10,1961289,1761045,169,169,5.237531678938859,1.1137081185932889,40.11932976287429,7.0,5.0,2.0,4.0,4.0,0,1
H3K4me3_PGP_immune/samples/tcell/McGill0102/problems/chr10:133727527-135524747,0.9968278496375632,236,7.591689004571177,194.96671388062023,13.963048158644307,12,81931,77223,278,278,9.921855048186307,1.060980031597213,142.13286675032222,9.0,7.0,2.0,4.0,4.0,0,1
H3K4me3_PGP_immune/samples/tcell/McGill0102/problems/chr1:144810724-145833118,0.9983657011954884,164,14.866218483684372,406.5466474787363,20.16300194610753,9,99342,90588,164,164,2.766791271910834,1.0966474218154922,8.548244787545189,16.0,12.0,4.0,7.0,7.0,0,1
H3K4me3_PGP_immune/samples/tcell/McGill0102/problems/chr1:206482221-223747846,0.9906767186240132,100,5.66704166657301,60.582384703934295,7.783468680731894,11,926268,889778,99,99,4.430383588741513,1.041011399485489,24.765265482782645,6.0,4.0,2.0,4.0,4.0,0,1
H3K4me3_PGP_immune/samples/tcell/McGill0102/problems/chr1:30028082-103863906,0.9915162156595744,127,6.010655056217333,66.93734677595197,8.181524721954458,15,3931019,3769478,131,131,3.984057976726918,1.0428552820457586,20.193374054643083,6.0,4.0,2.0,4.0,4.0,0,1
H3K4me3_PGP_immune/samples/tcell/McGill0102/problems/chr21:14338129-42955559,0.9857672220796372,109,5.099759060919302,39.21918511871593,6.26252226492776,18,1532749,1478382,109,109,4.663212341666973,1.0367753644020046,29.74697928847738,6.0,4.0,2.0,4.0,4.0,0,1
H3K4me3_PGP_immune/samples/tcell/McGill0102/problems/chr2:149790582-234003741,0.990663924283439,128,5.752998736805738,60.50390182642251,7.778425407910171,15,4628518,4445872,127,127,4.372669809459364,1.0410823885803255,24.84913046954836,6.0,4.0,2.0,4.0,4.0,0,1
H3K4me3_PGP_immune/samples/tcell/McGill0102/problems/chr2:21178113-87668206,0.9912245439569126,107,5.849825057814947,64.54352603133246,8.033898557445971,19,3583323,3439422,106,106,4.106854914234793,1.0418390188348563,20.62775076644831,6.0,4.0,2.0,4.0,4.0,0,1
H3K4me3_PGP_immune/samples/tcell/McGill0102/problems/chr3:60000-66170270,0.990563336245438,93,5.905668797822663,60.053123325354505,7.749395029636475,15,3603434,3457435,92,92,3.936217238716732,1.0422278487456305,19.42087704382425,6.0,4.0,2.0,4.0,4.0,0,1
H3K4me3_PGP_immune/samples/tcell/McGill0102/problems/chr6:62178589-95680543,0.9835777116480487,108,4.891675515724936,33.83244521860187,5.816566445816799,10,1897006,1831645,107,107,5.537484256921407,1.03568488199672,43.15543798318976,6.0,4.0,2.0,4.0,4.0,0,1
H3K4me3_PGP_immune/samples/tcell/McGill0102/problems/chr9:70835468-92343416,0.9870042836573067,203,4.9750166398606215,42.96576237049317,6.554827409664817,17,1099486,1060706,251,251,7.111160185030247,1.0365615321884971,120.51233606865408,6.0,4.0,2.0,3.0,3.0,0,1
H3K4me3_PGP_immune/samples/tcell/McGill0102/problems/chr9:92678796-133073060,0.991798823731419,96,6.328279827617561,69.62967172138246,8.344439569041318,12,2108469,2018071,95,95,3.386459654745066,1.0447947791701973,14.191035405852832,7.0,5.0,2.0,4.0,4.0,0,1
H3K4me3_PGP_immune/samples/tcell/McGill0106/problems/chr10:133727527-135524747,0.9973565747981152,251,7.895387043777985,261.6300540999475,16.174982352384422,13,68261,62086,279,279,9.008997027096488,1.0994765241201578,110.34494013185792,8.0,6.0,2.0,4.0,4.0,0,1
H3K4me3_PGP_immune/samples/tcell/McGill0106/problems/chr1:144810724-145833118,0.9986776353571738,149,15.77387316414383,562.5841432282997,23.718856279936848,7,81196,71084,148,148,2.725494589656457,1.142270303729443,7.70277546428693,16.0,13.0,3.0,7.0,7.0,0,1
H3K4me3_PGP_immune/samples/tcell/McGill0106/problems/chr1:206482221-223747846,0.9909656479553064,115,5.432156764124783,70.15090167019297,8.375613510077514,10,809904,747569,115,115,4.958282126415744,1.0833850566102348,30.986685869437164,6.0,4.0,2.0,3.0,3.0,0,1
H3K4me3_PGP_immune/samples/tcell/McGill0106/problems/chr1:30028082-103863906,0.9917874720758668,161,5.815584008479862,77.72481008934207,8.816167539772714,12,3360548,3094390,165,165,4.279115749843071,1.0860134262369727,23.486208088484183,6.0,4.0,2.0,3.0,3.0,0,1
H3K4me3_PGP_immune/samples/tcell/McGill0106/problems/chr21:14338129-42955559,0.985507528463216,147,4.8271255709721865,43.660120860032414,6.607580560237795,25,1336235,1235174,168,168,5.228439135555504,1.0818201175058069,40.43726604809101,5.0,3.0,2.0,3.0,3.0,0,1
H3K4me3_PGP_immune/samples/tcell/McGill0106/problems/chr2:149790582-234003741,0.9906043773946788,175,5.352220754754553,67.6002576509266,8.221937584956882,21,3865336,3565477,180,180,4.963981710797412,1.0841009727733408,33.37731502355174,6.0,4.0,2.0,3.0,3.0,0,1
H3K4me3_PGP_immune/samples/tcell/McGill0106/problems/chr2:21178113-87668206,0.9912115264053832,106,5.648040652123718,72.38822532978246,8.508127016552026,18,3085968,2845411,105,105,4.313791990183479,1.0845424736681182,22.680869878891293,6.0,4.0,2.0,3.0,3.0,0,1
H3K4me3_PGP_immune/samples/tcell/McGill0106/problems/chr3:60000-66170270,0.9902046616055667,110,5.57894917847841,64.7346923886254,8.045787244802426,16,3056093,2820498,109,109,4.294117261216783,1.083529959436227,23.52852029579881,6.0,4.0,2.0,3.0,3.0,0,1
H3K4me3_PGP_immune/samples/tcell/McGill0106/problems/chr6:62178589-95680543,0.982756640651632,118,4.558193007326976,36.43360135308792,6.036025294271712,15,1647179,1524367,118,118,6.072112713008707,1.0805666093313548,51.799632648880646,5.0,3.0,2.0,3.0,3.0,0,1
H3K4me3_PGP_immune/samples/tcell/McGill0106/problems/chr9:70835468-92343416,0.9860878657381954,160,4.811709039793893,45.236433373267865,6.725803548518784,15,993217,919136,200,200,6.046037209977236,1.080599694277772,66.37956398989087,5.0,3.0,2.0,3.0,3.0,0,1
H3K4me3_PGP_immune/samples/tcell/McGill0106/problems/chr9:92678796-133073060,0.9911764960230716,104,6.069828868917982,72.31399248696717,8.5037634307974,11,1869661,1721838,103,103,3.732172904823672,1.0858524935867913,17.482549548435536,6.0,4.0,2.0,4.0,4.0,0,1
H3K4me3_PGP_immune/samples/tcell/McGill0107/problems/chr10:133727527-135524747,0.996487138483978,233,7.04556422002308,197.25620274229152,14.044792726925218,11,63201,57194,247,247,9.865297647365002,1.1050478205374783,124.0441664433296,8.0,6.0,2.0,4.0,4.0,0,1
H3K4me3_PGP_immune/samples/tcell/McGill0107/problems/chr1:144810724-145833118,0.996860889426908,157,13.16069491647986,227.88861419638823,15.095980067434782,9,125024,110632,157,157,3.7668168136389153,1.1300991584637217,18.934650469048847,15.0,10.0,5.0,9.0,9.0,0,1
H3K4me3_PGP_immune/samples/tcell/McGill0107/problems/chr1:206482221-223747846,0.9787376695652844,90,5.741610120433298,30.37945659101585,5.511756216580687,7,1233049,1129754,89,89,5.287396830749818,1.09143237504127,46.05064027904712,7.0,4.0,3.0,5.0,5.0,0,1
H3K4me3_PGP_immune/samples/tcell/McGill0107/problems/chr1:30028082-103863906,0.9808494201380654,172,5.995322999417018,33.93926979395857,5.825741995141784,11,5239726,4790891,183,183,4.972191644383961,1.0936853069053976,47.89956438130212,7.0,4.0,3.0,5.0,5.0,0,1
H3K4me3_PGP_immune/samples/tcell/McGill0107/problems/chr21:14338129-42955559,0.972863370820746,176,5.761156683495347,23.921475333712703,4.8909585291344175,27,2150915,1968663,204,204,5.646221569662973,1.0925770904299468,87.5264983315193,7.0,4.0,3.0,5.0,5.0,0,1
H3K4me3_PGP_immune/samples/tcell/McGill0107/problems/chr2:149790582-234003741,0.9824891837356464,170,6.101729161663598,37.25334774194401,6.103552059411308,23,6501812,5938022,169,169,6.080641763294023,1.0949459424276202,65.5175205540192,7.0,4.0,3.0,5.0,5.0,0,1
H3K4me3_PGP_immune/samples/tcell/McGill0107/problems/chr2:21178113-87668206,0.9779249754177292,116,5.936051125251555,29.40053433754393,5.422225957809572,10,4857658,4443362,115,115,4.79293085255908,1.0932395544723914,42.09604159608116,7.0,4.0,3.0,5.0,5.0,0,1
H3K4me3_PGP_immune/samples/tcell/McGill0107/problems/chr3:60000-66170270,0.9747625559392136,91,5.795414844684918,25.63005350036688,5.062613307410204,8,4620202,4231656,90,90,3.73353014350849,1.0918191582253278,25.40001960362204,7.0,4.0,3.0,5.0,5.0,0,1
H3K4me3_PGP_immune/samples/tcell/McGill0107/problems/chr6:62178589-95680543,0.9659553492575664,101,5.926106792294681,19.17786131004298,4.379253510593213,8,2841948,2593689,101,101,4.618964349361567,1.0957169867771297,47.32137522790513,8.0,5.0,3.0,5.0,5.0,0,1
H3K4me3_PGP_immune/samples/tcell/McGill0107/problems/chr9:70835468-92343416,0.9729188284048816,177,5.460027348133075,23.809804518549107,4.879529128773504,16,1511092,1385835,230,230,7.442336218246081,1.0903845626532471,174.8173713656414,7.0,4.0,3.0,5.0,5.0,0,1
H3K4me3_PGP_immune/samples/tcell/McGill0107/problems/chr9:92678796-133073060,0.978363431968748,84,5.865327051503377,29.8847883605809,5.466698122320356,7,2633560,2412036,83,83,3.4225205924019115,1.0918415362961151,19.28579465407148,7.0,4.0,3.0,5.0,5.0,0,1
