sequenceID,sum_diff,max_diff,autocorr,mean_diff,unique_count,mean,count,kurtosis,abs_skewness,variance,std_deviation,range_value,max_value,iqr,percentile_75,median,percentile_50,percentile_25,min_diff,min_value
H3K4me3_XJ_immune/samples/bcell/McGill0091/problems/chr15:29209443-82829645,3144170,27,0.9892321175183733,1.5204188856377023,249,8.743099009460513,2067964,43.32937039488101,5.201696329668789,160.28525267652824,12.660381221611308,250,250,8.0,10.0,5.0,5.0,2.0,1,0
H3K4me3_XJ_immune/samples/bcell/McGill0091/problems/chr16:46385801-88389383,2826680,239,0.999950462878344,1.8518351097108856,6623,53.14308821544763,1526422,197.7995683524062,12.704351423367214,162487.21568653593,403.09703011376297,10086,10086,8.0,10.0,5.0,5.0,2.0,1,0
H3K4me3_XJ_immune/samples/bcell/McGill0091/problems/chr17:396626-21566608,970634,19,0.9883182599558638,1.4691661495148864,215,8.708012005975743,660671,29.6886943508065,4.073629809085886,136.00905318993676,11.662291935547522,226,226,9.0,11.0,5.0,5.0,2.0,1,0
H3K4me3_XJ_immune/samples/bcell/McGill0091/problems/chr18:10000-15410898,993459,26,0.995007770844224,1.537667045359567,567,8.743953950189063,646083,604.3753154054772,19.106732636589165,358.557962475592,18.93562680440212,917,917,8.0,10.0,5.0,5.0,2.0,1,0
H3K4me3_XJ_immune/samples/bcell/McGill0091/problems/chr18:18510898-52059136,2261483,187,0.9988605457953004,1.5682993792636184,1323,8.686697207624421,1441998,2491.4402488147384,43.94737429207812,1947.5343415440664,44.13087741643108,3347,3347,7.0,9.0,5.0,5.0,2.0,1,0
H3K4me3_XJ_immune/samples/bcell/McGill0091/problems/chr19:20573415-24631782,577132,26,0.9913345880214866,1.5853097102046425,204,16.412612518575695,364051,14.665802967114471,2.292374000763701,220.33978933819623,14.843846851075911,271,271,17.0,23.0,12.0,12.0,6.0,1,0
H3K4me3_XJ_immune/samples/bcell/McGill0091/problems/chr1:30028082-103863906,4781524,20,0.9881599391812104,1.5430278821463712,336,8.441228426284548,3098794,82.91773678563014,6.751321581053574,151.6349298992522,12.314013557701331,351,351,8.0,10.0,5.0,5.0,2.0,1,0
H3K4me3_XJ_immune/samples/bcell/McGill0091/problems/chr21:14338129-42955559,1919608,20,0.9797462846225627,1.5555035147782752,193,7.513037284575666,1234076,50.09357661155912,5.313083141233335,90.3700787010917,9.506317830847635,199,199,7.0,9.0,5.0,5.0,2.0,1,0
H3K4me3_XJ_immune/samples/bcell/McGill0091/problems/chr22:16847850-20509431,159212,332,0.9996473642774344,1.6449219960739745,785,17.97128865287062,96791,634.1367094610922,23.44265650098994,20349.63793339429,142.65215712843002,4932,4932,10.0,12.0,5.0,5.0,2.0,1,0
H3K4me3_XJ_immune/samples/bcell/McGill0091/problems/chr22:20609431-50364777,1124750,46,0.9903992524500717,1.4482163665509982,305,8.273797843547769,776646,163.61599580706925,7.693078439774771,160.79482355069962,12.680489878182923,544,544,8.0,10.0,4.0,4.0,2.0,1,0
H3K4me3_XJ_immune/samples/bcell/McGill0322/problems/chr15:29209443-82829645,2826900,10,0.978937637047643,1.096743832004094,87,4.992828433312383,2577540,19.059457593904288,3.6751829131696887,31.106410931969936,5.577312160169084,86,86,4.0,6.0,4.0,4.0,2.0,1,0
H3K4me3_XJ_immune/samples/bcell/McGill0322/problems/chr16:46385801-88389383,2597330,122,0.9999490127665308,1.2625577424038632,4813,26.993399760256427,2057198,239.4702348240708,14.165530586835771,51253.33430344672,226.39199257802105,6482,6482,4.0,6.0,4.0,4.0,2.0,1,0
H3K4me3_XJ_immune/samples/bcell/McGill0322/problems/chr17:396626-21566608,1095906,9,0.9849368337548045,1.0960473901133243,72,5.665643202329898,999872,12.502836644708433,3.08006409996588,43.44626096294699,6.591377774255318,71,71,5.0,7.0,4.0,4.0,2.0,1,0
H3K4me3_XJ_immune/samples/bcell/McGill0322/problems/chr18:10000-15410898,905444,35,0.9989653433336376,1.109391138779876,855,5.882794389362922,816164,1500.95915243478,34.4961951362288,704.8675134268256,26.54934111097346,1649,1649,4.0,6.0,4.0,4.0,2.0,1,0
H3K4me3_XJ_immune/samples/bcell/McGill0322/problems/chr18:18510898-52059136,2005584,117,0.9990392471500752,1.1102313037239766,1111,5.510281728266989,1806457,3618.354101163498,52.40099500074255,868.5480115398939,29.47113861967152,2753,2753,4.0,6.0,4.0,4.0,2.0,1,0
H3K4me3_XJ_immune/samples/bcell/McGill0322/problems/chr19:20573415-24631782,413824,7,0.9843495553540592,1.1155819263564533,139,8.06728669632026,370950,34.91212650983761,3.640143277659973,43.942570492141385,6.628919255213582,158,158,6.0,10.0,7.0,7.0,4.0,1,0
H3K4me3_XJ_immune/samples/bcell/McGill0322/problems/chr1:30028082-103863906,4244994,9,0.9755082478254354,1.098270938778488,114,4.988553390517655,3865162,25.784158172383044,4.015643279877299,26.85493714562461,5.182174943556481,115,115,4.0,6.0,4.0,4.0,2.0,1,0
H3K4me3_XJ_immune/samples/bcell/McGill0322/problems/chr21:14338129-42955559,1672611,25,0.9640257085772158,1.0974136873342917,121,4.6484273098271816,1524140,44.15549748288475,4.42853760538285,18.265926476742063,4.273865519262634,125,125,4.0,6.0,4.0,4.0,2.0,1,0
H3K4me3_XJ_immune/samples/bcell/McGill0322/problems/chr22:16847850-20509431,189273,409,0.9996329143558836,1.2511435748281332,944,13.751072507453015,151281,724.3636613271423,24.68421537297918,18430.55532346088,135.7591813597183,4805,4805,5.0,7.0,4.0,4.0,2.0,1,0
H3K4me3_XJ_immune/samples/bcell/McGill0322/problems/chr22:20609431-50364777,1380405,40,0.9839986969733656,1.0922455122275825,204,5.068448613098027,1263824,330.4883045682317,9.181824390083664,40.91004104671751,6.396095765912008,389,389,4.0,6.0,3.0,3.0,2.0,1,0
H3K4me3_XJ_immune/samples/monocyte/McGill0001/problems/chr15:29209443-82829645,3275761,15,0.9926184980155524,1.117355821248228,159,6.242897572712708,2931709,35.98390846593885,5.310594102674909,93.83520002291614,9.686857076622744,158,158,4.0,6.0,4.0,4.0,2.0,1,0
H3K4me3_XJ_immune/samples/monocyte/McGill0001/problems/chr16:46385801-88389383,2622936,89,0.999932942322346,1.2328607956681958,3739,21.138389233290763,2127521,260.13177918375453,14.693527854682047,27177.023525789664,164.85455263895403,4897,4897,4.0,6.0,4.0,4.0,2.0,1,0
H3K4me3_XJ_immune/samples/monocyte/McGill0001/problems/chr17:396626-21566608,1178323,12,0.9940026796324994,1.115258478799334,145,6.821028481431984,1056548,25.67059492894094,4.500757063063776,115.10135073618136,10.728529756503514,145,145,5.0,7.0,4.0,4.0,2.0,1,0
H3K4me3_XJ_immune/samples/monocyte/McGill0001/problems/chr18:10000-15410898,945644,37,0.9987447719978296,1.1253299314789735,738,6.272109547830785,840327,1899.4691579011635,37.62960797515663,599.3893141106778,24.48242868080448,1719,1719,4.0,6.0,4.0,4.0,2.0,1,0
H3K4me3_XJ_immune/samples/monocyte/McGill0001/problems/chr18:18510898-52059136,2043331,89,0.9978705189970658,1.120120753906083,824,5.331546255441405,1824207,3398.7016607401656,49.27137289641895,352.23125820742496,18.76782507930594,1759,1759,4.0,6.0,4.0,4.0,2.0,1,0
H3K4me3_XJ_immune/samples/monocyte/McGill0001/problems/chr19:20573415-24631782,312972,30,0.984395081328839,1.118628074715314,168,6.181333390520511,279783,117.55473189618924,7.343684516446056,44.65803937968117,6.682667085803479,196,196,4.0,7.0,5.0,5.0,3.0,1,0
H3K4me3_XJ_immune/samples/monocyte/McGill0001/problems/chr1:30028082-103863906,4622280,22,0.9905901105206716,1.1182200524723576,163,5.7952760858195,4133606,47.7050592991434,6.019839153813003,73.74072197424536,8.587241814124333,162,162,4.0,6.0,4.0,4.0,2.0,1,0
H3K4me3_XJ_immune/samples/monocyte/McGill0001/problems/chr21:14338129-42955559,1839762,16,0.9856697651191964,1.1157490768104612,126,5.412203500021833,1648904,54.43821163548416,6.244426426810668,48.08704077150106,6.934482011765627,126,126,4.0,6.0,4.0,4.0,2.0,1,0
H3K4me3_XJ_immune/samples/monocyte/McGill0001/problems/chr22:16847850-20509431,185111,23,0.99513422830236,1.1187455805829702,204,7.186433302712373,165464,53.00210091791777,5.725345809415591,146.03434526832385,12.084467107337575,240,240,5.0,7.0,4.0,4.0,2.0,1,0
H3K4me3_XJ_immune/samples/monocyte/McGill0001/problems/chr22:20609431-50364777,1423664,12,0.992738348000345,1.1093808443258608,154,6.02450484961782,1283297,34.4297329480176,5.0506617890591965,93.56269078474746,9.672780923020404,153,153,4.0,6.0,4.0,4.0,2.0,1,0
H3K4me3_XJ_immune/samples/monocyte/McGill0002/problems/chr15:29209443-82829645,2853722,30,0.9992689121448745,1.2628396037465826,507,16.802712846058906,2259767,24.62117090943371,4.347777477407488,1379.9028368186491,37.14704344653352,507,507,9.0,11.0,4.0,4.0,2.0,1,0
H3K4me3_XJ_immune/samples/monocyte/McGill0002/problems/chr16:46385801-88389383,2023227,99,0.999895345974502,1.345448100989721,2711,26.78855573835684,1503758,174.22718049374225,11.787973725860107,17260.207418993698,131.37810859878329,3336,3336,7.0,9.0,4.0,4.0,2.0,1,0
H3K4me3_XJ_immune/samples/monocyte/McGill0002/problems/chr17:396626-21566608,1156963,43,0.9990956548211714,1.2508019118313212,375,17.607291200439363,924978,15.996832370027864,3.5600939127107862,1085.6119807246075,32.948626386005955,381,381,13.0,15.0,5.0,5.0,2.0,1,0
H3K4me3_XJ_immune/samples/monocyte/McGill0002/problems/chr18:10000-15410898,754072,25,0.9991689923049202,1.2498810737342847,614,13.63535692738134,603316,82.05913682778638,6.8154853586566855,1187.9525113659158,34.46668697983483,914,914,6.0,8.0,4.0,4.0,2.0,1,0
H3K4me3_XJ_immune/samples/monocyte/McGill0002/problems/chr18:18510898-52059136,1382193,68,0.9986477386927184,1.231468628663375,654,9.086049920037064,1122395,274.5859712609838,11.517543160608732,724.7544715778522,26.92126430125176,1067,1067,4.0,6.0,3.0,3.0,2.0,1,0
H3K4me3_XJ_immune/samples/monocyte/McGill0002/problems/chr19:20573415-24631782,269300,22,0.9969457268367732,1.2205402465554749,198,9.259117752366969,220641,25.576581086256763,4.622297200673483,294.6221768386732,17.16456165588487,201,201,6.0,8.0,5.0,5.0,2.0,1,0
H3K4me3_XJ_immune/samples/monocyte/McGill0002/problems/chr1:30028082-103863906,3698478,25,0.9991001021086204,1.2526512944874209,463,14.074622331221352,2952521,27.59292056888328,4.654760692454753,1088.0837883657714,32.98611508446806,464,464,6.0,8.0,4.0,4.0,2.0,1,0
H3K4me3_XJ_immune/samples/monocyte/McGill0002/problems/chr21:14338129-42955559,1387758,34,0.999042871711326,1.2471605972316837,424,12.668245359407226,1112735,38.92566256280468,5.468463699127534,1010.3950177855936,31.78671133957701,423,423,6.0,8.0,4.0,4.0,2.0,1,0
H3K4me3_XJ_immune/samples/monocyte/McGill0002/problems/chr22:16847850-20509431,174929,14,0.9987867139865136,1.2386984846339046,288,15.944894881072928,141221,15.304834408051295,3.3859652550114028,780.1193389932414,27.930616516526115,301,301,13.0,15.0,5.0,5.0,2.0,1,0
H3K4me3_XJ_immune/samples/monocyte/McGill0002/problems/chr22:20609431-50364777,1340247,16,0.99893057312518,1.23261958804984,409,15.24478050099465,1087317,22.125354040625417,3.997619349990221,874.9109603643999,29.578893832670616,423,423,11.0,13.0,4.0,4.0,2.0,1,0
H3K4me3_XJ_immune/samples/monocyte/McGill0058/problems/chr15:29209443-82829645,1924192,57,0.9965014097908736,1.90531603405066,461,13.70615739255457,1009908,36.16488564112787,5.121013856662256,856.3993562095462,29.26430173794595,480,480,9.0,11.0,5.0,5.0,2.0,1,0
H3K4me3_XJ_immune/samples/monocyte/McGill0058/problems/chr16:46385801-88389383,1959437,191,0.9999514027491202,2.642046772271033,7031,111.12083539521356,741637,89.18996325271445,8.626672102142104,380816.9901113554,617.1037109849166,10634,10634,9.0,11.0,4.0,4.0,2.0,1,0
H3K4me3_XJ_immune/samples/monocyte/McGill0058/problems/chr17:396626-21566608,699378,32,0.9955708903273828,1.7910725261216964,292,13.475464875371657,390481,22.58026753550621,4.139665546394114,589.4875530211164,24.279364757363737,303,303,11.0,13.0,5.0,5.0,2.0,1,0
H3K4me3_XJ_immune/samples/monocyte/McGill0058/problems/chr18:10000-15410898,647170,45,0.9985776865540698,1.952400489932845,903,13.667501319858207,331475,322.17902873816894,14.991097196763269,2303.606270934363,47.995898480332286,1601,1601,8.0,10.0,5.0,5.0,2.0,1,0
H3K4me3_XJ_immune/samples/monocyte/McGill0058/problems/chr18:18510898-52059136,1359007,306,0.9995445103067252,2.015197685574432,1784,13.578366796168332,674380,1446.1083728851552,33.222925351705264,12804.506769763617,113.1570005336109,6524,6524,6.0,8.0,4.0,4.0,2.0,1,0
H3K4me3_XJ_immune/samples/monocyte/McGill0058/problems/chr19:20573415-24631782,583108,30,0.9850839166865712,1.9392975921245177,268,14.056315497154792,300681,140.84356516739845,7.014048743397562,206.51404448464208,14.370596525010438,428,428,14.0,19.0,10.0,10.0,5.0,1,0
H3K4me3_XJ_immune/samples/monocyte/McGill0058/problems/chr1:30028082-103863906,3007204,31,0.9952316348918882,1.933088933414843,492,11.4719589521537,1555648,56.17004320013682,6.285812926625384,645.14837726363,25.39977120494651,507,507,8.0,10.0,5.0,5.0,2.0,1,0
H3K4me3_XJ_immune/samples/monocyte/McGill0058/problems/chr21:14338129-42955559,1324418,42,0.9944576256706538,1.959041733352661,452,10.222286648275658,676055,85.0024949958858,7.8616807695416115,573.2221272042515,23.94205770614237,470,470,8.0,10.0,5.0,5.0,2.0,1,0
H3K4me3_XJ_immune/samples/monocyte/McGill0058/problems/chr22:16847850-20509431,94618,103,0.9956141236835958,1.802350610511077,302,12.847727532477428,52498,71.89357840785524,6.670269389093646,648.4686032590694,25.465046696581364,438,438,11.0,13.0,5.0,5.0,2.0,1,0
H3K4me3_XJ_immune/samples/monocyte/McGill0058/problems/chr22:20609431-50364777,669926,57,0.995907869403567,1.7661608385708862,377,11.849069238333511,379313,44.06048045336652,5.574026164387618,623.4561357345899,24.969103622969527,387,387,10.0,11.0,4.0,4.0,1.0,1,0
H3K4me3_XJ_immune/samples/monocyte/McGill0079/problems/chr15:29209443-82829645,2890018,120,0.9996962826826986,2.6315354321746454,1349,83.894969705689,1098226,8.625179426087387,2.6755393975892754,21211.58968379063,145.6419914852534,1535,1535,91.0,95.0,15.0,15.0,4.0,1,0
H3K4me3_XJ_immune/samples/monocyte/McGill0079/problems/chr16:46385801-88389383,2050672,117,0.9997473083999407,2.6202049989905936,1831,82.45618989086923,782639,21.95338186167964,3.923351767145848,26801.853960268887,163.7127177719217,2097,2097,78.0,82.0,14.0,14.0,4.0,1,0
H3K4me3_XJ_immune/samples/monocyte/McGill0079/problems/chr17:396626-21566608,1573498,93,0.9996871369821724,2.5734383535207166,1159,87.87182204602586,611439,8.43003376419626,2.6279775425875496,19583.951945016943,139.94267378114847,1192,1192,106.0,112.0,24.0,24.0,6.0,1,0
H3K4me3_XJ_immune/samples/monocyte/McGill0079/problems/chr18:10000-15410898,626953,37,0.9995765868620438,2.469767698374244,1001,57.24881033042875,253852,13.481164330935965,3.321590498647411,12916.800190231788,113.65210156539908,1102,1102,46.0,49.0,10.0,10.0,3.0,1,0
H3K4me3_XJ_immune/samples/monocyte/McGill0079/problems/chr18:18510898-52059136,979829,97,0.9995598620875248,2.463769974477929,1029,49.99303739539749,397696,15.061425663998142,3.5570456811215827,12418.327203996383,111.43754844753352,1111,1111,27.0,29.0,7.0,7.0,2.0,1,0
H3K4me3_XJ_immune/samples/monocyte/McGill0079/problems/chr19:20573415-24631782,315016,47,0.9995860744724656,2.3587163244829807,858,47.88235558384186,133555,14.671016360292027,3.613520783594976,12016.44415836871,109.61954277576928,899,899,18.0,22.0,9.0,9.0,4.0,1,0
H3K4me3_XJ_immune/samples/monocyte/McGill0079/problems/chr1:30028082-103863906,3341054,78,0.9996910857844644,2.6099354049474703,1282,76.68132767765773,1280130,10.228253591695422,2.930812526591642,20313.960324479143,142.5270512024968,1346,1346,75.0,79.0,12.0,12.0,4.0,1,0
H3K4me3_XJ_immune/samples/monocyte/McGill0079/problems/chr21:14338129-42955559,1093204,108,0.9995408612193524,2.483978714025385,954,54.49495913456623,440103,11.611502566233844,3.1562846488564964,11956.629063121229,109.346371970547,1011,1011,41.0,44.0,9.0,9.0,3.0,1,0
H3K4me3_XJ_immune/samples/monocyte/McGill0079/problems/chr22:16847850-20509431,247816,107,0.9996634068874618,2.535928450093121,965,81.3360007367764,97723,12.594483819017098,3.0064837272635017,19495.375790917267,139.6258421314524,1550,1550,87.0,92.0,20.0,20.0,5.0,1,0
H3K4me3_XJ_immune/samples/monocyte/McGill0079/problems/chr22:20609431-50364777,1779334,67,0.9996385253414504,2.4718224845001786,1015,74.25560396083618,719848,8.777373607238221,2.730918997963914,15378.206254505976,124.0088958684254,1070,1070,81.0,86.0,18.0,18.0,5.0,1,0
H3K4me3_XJ_immune/samples/monocyte/McGill0101/problems/chr15:29209443-82829645,1566002,29,0.9955949237116012,1.647465893501881,315,12.901555199973068,950553,23.094519291499005,4.003522228571086,496.5140658447745,22.282595581412288,325,325,11.0,13.0,5.0,5.0,2.0,1,0
H3K4me3_XJ_immune/samples/monocyte/McGill0101/problems/chr16:46385801-88389383,1827722,192,0.999944190879872,2.508112810885877,7005,112.2177844866033,728725,85.79544240035506,8.457191490855939,378538.2192452749,615.2545970939793,10494,10494,11.0,13.0,5.0,5.0,2.0,1,0
H3K4me3_XJ_immune/samples/monocyte/McGill0101/problems/chr17:396626-21566608,654558,36,0.9941979919619712,1.5871189251707607,211,12.879726977353185,412420,12.220732566914691,2.9787834656514605,342.20369792264603,18.4987485501762,212,212,14.0,16.0,6.0,6.0,2.0,1,0
H3K4me3_XJ_immune/samples/monocyte/McGill0101/problems/chr18:10000-15410898,507367,38,0.9981852465890168,1.6697393536497072,760,11.73499396105456,303861,316.0223140538711,15.087947049899698,1290.3017083097664,35.92076987356711,1123,1123,8.0,10.0,5.0,5.0,2.0,1,0
H3K4me3_XJ_immune/samples/monocyte/McGill0101/problems/chr18:18510898-52059136,986803,389,0.9994556806076716,1.7282044276785071,1466,12.581182136602452,571000,1212.7799104606893,31.00228407247042,8473.425528550013,92.05121144531458,4711,4711,7.0,8.0,4.0,4.0,1.0,1,0
H3K4me3_XJ_immune/samples/monocyte/McGill0101/problems/chr19:20573415-24631782,617360,23,0.987207536391584,1.6597171254439238,225,14.19764065726084,371968,46.722831125410615,3.737821379256984,173.8560904417606,13.185449952192023,330,330,14.0,19.0,11.0,11.0,5.0,1,0
H3K4me3_XJ_immune/samples/monocyte/McGill0101/problems/chr1:30028082-103863906,2229724,31,0.9945162785900168,1.6611937340658391,396,11.034228526429269,1342243,46.0402438095214,5.114485547216936,408.28301167434665,20.206014245128767,502,502,9.0,11.0,4.0,4.0,2.0,1,0
H3K4me3_XJ_immune/samples/monocyte/McGill0101/problems/chr21:14338129-42955559,1057050,28,0.9918259401650704,1.6681211405810847,303,9.045439481881964,633678,51.772911669358,5.857811102188281,278.14131722350885,16.67756928402664,323,323,7.0,9.0,4.0,4.0,2.0,1,0
H3K4me3_XJ_immune/samples/monocyte/McGill0101/problems/chr22:16847850-20509431,102382,36,0.9979374035759264,1.594710362766935,338,14.464237874209529,64202,235.8398800657388,12.756791913832318,1057.8945576486587,32.52529104633283,770,770,14.0,16.0,6.0,6.0,2.0,1,0
H3K4me3_XJ_immune/samples/monocyte/McGill0101/problems/chr22:20609431-50364777,664472,22,0.9948974086807704,1.569197561914478,309,11.99668672422588,423448,29.86204675488317,4.137514546362795,377.5399160026121,19.43038640898868,363,363,11.0,13.0,5.0,5.0,2.0,1,0
H3K4me3_XJ_immune/samples/monocyte/McGill0104/problems/chr15:29209443-82829645,1739568,23,0.996382645823686,1.238218344987814,228,8.716416933056303,1404897,17.49487358721575,3.7284710977774047,257.3592470396153,16.042420236348857,242,242,6.0,7.0,3.0,3.0,1.0,1,0
H3K4me3_XJ_immune/samples/monocyte/McGill0104/problems/chr16:46385801-88389383,1900447,174,0.9999491405864424,1.766547963974616,6590,69.96972108146697,1075798,124.902391321664,10.26913547409924,216083.5118021177,464.8478372565776,9278,9278,6.0,7.0,3.0,3.0,1.0,1,0
H3K4me3_XJ_immune/samples/monocyte/McGill0104/problems/chr17:396626-21566608,714832,21,0.9963375701426492,1.2198456660557473,170,9.855434187196996,586003,12.071681134345962,3.090021471492369,244.2771435685528,15.62936798365669,169,169,8.0,10.0,4.0,4.0,2.0,1,0
H3K4me3_XJ_immune/samples/monocyte/McGill0104/problems/chr18:10000-15410898,533111,27,0.9989117196477476,1.2507443077175735,766,8.119175761784552,426236,496.6896721806857,19.228090469432228,929.078977910896,30.480796871323687,1191,1191,5.0,6.0,3.0,3.0,1.0,1,0
H3K4me3_XJ_immune/samples/monocyte/McGill0104/problems/chr18:18510898-52059136,1079655,140,0.9993752389197614,1.262301138655477,1094,7.16452669681565,855308,2190.411857316177,40.87967210523352,2323.83468486054,48.206168535370445,3397,3397,4.0,5.0,3.0,3.0,1.0,1,0
H3K4me3_XJ_immune/samples/monocyte/McGill0104/problems/chr19:20573415-24631782,455454,11,0.988890976330375,1.242722314234496,174,9.509607146560144,366498,55.0341439208659,4.757499935336564,84.12390428661811,9.171908432088609,232,232,8.0,12.0,7.0,7.0,4.0,1,0
H3K4me3_XJ_immune/samples/monocyte/McGill0104/problems/chr1:30028082-103863906,2439448,16,0.9957844530455624,1.2386593860343065,346,7.438033499083744,1969427,100.34408346236428,6.410566663219997,220.71470049470125,14.856469987675446,522,522,5.0,6.0,3.0,3.0,1.0,1,0
H3K4me3_XJ_immune/samples/monocyte/McGill0104/problems/chr21:14338129-42955559,1039087,29,0.9922715756341908,1.237470911745581,168,5.98257565021252,839687,34.83863535879797,5.181004980370585,120.44562088532786,10.974772019742726,167,167,4.0,6.0,3.0,3.0,2.0,1,0
H3K4me3_XJ_immune/samples/monocyte/McGill0104/problems/chr22:16847850-20509431,133691,248,0.9996678653935188,1.4450425327237155,779,20.97820964569057,92518,374.06104662603474,18.48371854497128,24661.905554277502,157.04109511295923,4074,4074,10.0,12.0,4.0,4.0,2.0,1,0
H3K4me3_XJ_immune/samples/monocyte/McGill0104/problems/chr22:20609431-50364777,788680,35,0.9963718244736977,1.2090959681981452,250,8.950739701666437,652290,57.513315077981055,4.781583041691174,244.7214385750109,15.643574993428164,490,490,7.0,8.0,3.0,3.0,1.0,1,0
H3K4me3_XJ_immune/samples/tcell/McGill0004/problems/chr15:29209443-82829645,2606532,10,0.9623920469821124,1.059430625521783,94,4.100512739222417,2460315,33.87287174914276,4.265929234375707,15.772489662169058,3.971459386946952,93,93,3.0,5.0,3.0,3.0,2.0,1,0
H3K4me3_XJ_immune/samples/tcell/McGill0004/problems/chr16:46385801-88389383,2126407,66,0.999920460082415,1.1746651243161068,3097,18.21705368117223,1810225,228.453008435216,13.694351037539786,19459.601026466764,139.49767391059524,3800,3800,3.0,5.0,3.0,3.0,2.0,1,0
H3K4me3_XJ_immune/samples/tcell/McGill0004/problems/chr17:396626-21566608,893494,10,0.9685896090954016,1.055836207803196,60,4.0777340814233245,846244,18.307898329610254,3.5204387680552225,18.70126168889329,4.324495541550863,59,59,3.0,5.0,3.0,3.0,2.0,1,0
H3K4me3_XJ_immune/samples/tcell/McGill0004/problems/chr18:10000-15410898,783153,30,0.9975097617855552,1.0667130680192978,579,4.696712636632955,734175,1698.571085095468,36.10355596669266,250.7366884134552,15.834667297213896,1042,1042,3.0,5.0,3.0,3.0,2.0,1,0
H3K4me3_XJ_immune/samples/tcell/McGill0004/problems/chr18:18510898-52059136,1778475,85,0.9968408078071488,1.0662064458885878,682,4.354663944111685,1668041,3179.894876124636,49.18582126269936,204.5938768523357,14.303631596637818,1232,1232,3.0,5.0,3.0,3.0,2.0,1,0
H3K4me3_XJ_immune/samples/tcell/McGill0004/problems/chr19:20573415-24631782,234513,6,0.978025408258276,1.064207402298016,147,4.863898531981032,220365,195.9187757250737,9.252658755206111,27.388914050648587,5.233441893309659,171,171,4.0,6.0,4.0,4.0,2.0,1,0
H3K4me3_XJ_immune/samples/tcell/McGill0004/problems/chr1:30028082-103863906,3845449,9,0.9591208811208372,1.0606344528868503,72,4.188725603091119,3625613,27.92364183403644,3.998765443579881,14.554840591366837,3.815080679535734,71,71,3.0,5.0,3.0,3.0,2.0,1,0
H3K4me3_XJ_immune/samples/tcell/McGill0004/problems/chr21:14338129-42955559,1554023,8,0.9465525067120888,1.061461393499226,74,4.117155108938132,1464042,31.189592183810063,3.792035114196192,11.155273930471209,3.339951186839593,73,73,3.0,5.0,4.0,4.0,2.0,1,0
H3K4me3_XJ_immune/samples/tcell/McGill0004/problems/chr22:16847850-20509431,137829,16,0.9922087307350844,1.06293765616806,202,4.397095682082842,129669,641.3630663818028,21.4382544911426,79.30290313208148,8.90521774759503,334,334,3.0,5.0,3.0,3.0,2.0,1,0
H3K4me3_XJ_immune/samples/tcell/McGill0004/problems/chr22:20609431-50364777,1108706,8,0.9704825142546536,1.053622609951724,83,3.902662881872808,1052281,25.038535100219907,4.003188507098601,19.779066759105906,4.447366272200425,82,82,3.0,5.0,3.0,3.0,2.0,1,0
H3K4me3_XJ_immune/samples/tcell/McGill0005/problems/chr15:29209443-82829645,3282434,30,0.9973162034151744,1.1095912869726123,203,8.559100721442967,2958238,20.43252665958879,4.178230449418164,254.8310117997493,15.96342731996326,206,206,5.0,7.0,4.0,4.0,2.0,1,0
H3K4me3_XJ_immune/samples/tcell/McGill0005/problems/chr16:46385801-88389383,2592600,52,0.99990178796716,1.181934806215757,2809,17.66310268914436,2193523,269.6496773834674,14.863933394251845,12531.098722731642,111.94239019572365,3245,3245,4.0,6.0,4.0,4.0,2.0,1,0
H3K4me3_XJ_immune/samples/tcell/McGill0005/problems/chr17:396626-21566608,1329478,27,0.9978958450099196,1.1203661412080772,169,10.57896661770518,1186647,11.71414158788663,3.2504566172387346,335.4583108065031,18.315521035627217,168,168,6.0,8.0,4.0,4.0,2.0,1,0
H3K4me3_XJ_immune/samples/tcell/McGill0005/problems/chr18:10000-15410898,915428,35,0.998788279700698,1.108909403879489,682,7.664733344477797,825522,1493.6854395987273,30.31644191741924,593.6609251452433,24.365158016012195,1641,1641,4.0,6.0,4.0,4.0,2.0,1,0
H3K4me3_XJ_immune/samples/tcell/McGill0005/problems/chr18:18510898-52059136,1931611,117,0.9985838186335212,1.102765060884091,836,6.19968680206987,1751608,2816.60547852245,43.83815941145,543.3864677189066,23.3106513791208,1922,1922,4.0,6.0,4.0,4.0,2.0,1,0
H3K4me3_XJ_immune/samples/tcell/McGill0005/problems/chr19:20573415-24631782,309902,22,0.997080570403342,1.1107160649580123,217,8.545610941464883,279012,32.06283175501923,5.111192063441706,235.4991418116744,15.34598129191074,233,233,5.0,8.0,5.0,5.0,3.0,1,0
H3K4me3_XJ_immune/samples/tcell/McGill0005/problems/chr1:30028082-103863906,4523816,21,0.9968510574297302,1.1066960525501404,175,7.761269845618956,4087678,24.29970926915855,4.584946148177487,215.13848710720043,14.667599909569406,176,176,4.0,6.0,4.0,4.0,2.0,1,0
H3K4me3_XJ_immune/samples/tcell/McGill0005/problems/chr21:14338129-42955559,1683563,19,0.994617093803728,1.097380659837762,157,6.248115262624775,1534166,36.298133827941335,5.483790040640009,122.45645577159304,11.066004508023347,157,157,4.0,6.0,4.0,4.0,2.0,1,0
H3K4me3_XJ_immune/samples/tcell/McGill0005/problems/chr22:16847850-20509431,207834,15,0.9974279031554194,1.1124766487707485,195,9.376106668379528,186822,17.80344338804926,3.755412491799042,270.6942322903423,16.452787979255746,218,218,5.0,7.0,4.0,4.0,2.0,1,0
H3K4me3_XJ_immune/samples/tcell/McGill0005/problems/chr22:20609431-50364777,1731926,34,0.9976334402134336,1.113953572136078,176,9.90550677694328,1554757,13.265935394934264,3.4004358264238626,293.01181703805025,17.117587944510472,175,175,6.0,8.0,4.0,4.0,2.0,1,0
H3K4me3_XJ_immune/samples/tcell/McGill0006/problems/chr15:29209443-82829645,3013449,10,0.9200339410562924,1.1819013657496562,85,4.231682383122789,2549663,21.41476723543796,2.356888560750318,10.12363062730281,3.181765331903472,112,112,4.0,6.0,4.0,4.0,2.0,1,0
H3K4me3_XJ_immune/samples/tcell/McGill0006/problems/chr16:46385801-88389383,2502908,77,0.9999235519968304,1.3041039361627298,3548,19.758726298107185,1919256,245.8509011514951,14.251345460048707,24956.33819790165,157.97575193016698,4398,4398,4.0,6.0,4.0,4.0,2.0,1,0
H3K4me3_XJ_immune/samples/tcell/McGill0006/problems/chr17:396626-21566608,1060268,8,0.9316211081265658,1.1715461384108126,56,4.089406055355866,905017,11.25929866985227,2.391072623179926,11.571011150549587,3.401618901427612,55,55,3.0,5.0,3.0,3.0,2.0,1,0
H3K4me3_XJ_immune/samples/tcell/McGill0006/problems/chr18:10000-15410898,903951,23,0.9975850199917728,1.192047399639729,657,5.02335956240052,758319,1790.2234842792705,37.689489685737634,353.9478085195169,18.813500698156016,1241,1241,4.0,6.0,4.0,4.0,2.0,1,0
H3K4me3_XJ_immune/samples/tcell/McGill0006/problems/chr18:18510898-52059136,2047972,148,0.9982672853217516,1.2004285963820185,906,5.000260252573951,1706035,3833.79131735762,55.86688596183373,560.9481410899823,23.684343796904788,2038,2038,4.0,6.0,4.0,4.0,2.0,1,0
H3K4me3_XJ_immune/samples/tcell/McGill0006/problems/chr19:20573415-24631782,262640,9,0.978971862611529,1.1942144438836524,184,5.1351624167909495,219928,547.7387862029811,17.635941459304934,39.71706268414423,6.302147466074103,252,252,4.0,6.0,4.0,4.0,2.0,1,0
H3K4me3_XJ_immune/samples/tcell/McGill0006/problems/chr1:30028082-103863906,4371222,11,0.9195822955197972,1.186522698728387,111,4.348809547722053,3684062,39.6804692211197,2.796797514579244,10.174217799275224,3.1897049705694136,114,114,4.0,6.0,4.0,4.0,2.0,1,0
H3K4me3_XJ_immune/samples/tcell/McGill0006/problems/chr21:14338129-42955559,1752670,17,0.91522954930706,1.189653428686431,85,4.412929947287041,1473262,22.07826175389218,2.233658953225472,9.732016718579684,3.1196180404946503,90,90,4.0,6.0,4.0,4.0,2.0,1,0
H3K4me3_XJ_immune/samples/tcell/McGill0006/problems/chr22:16847850-20509431,184845,203,0.999669560313368,1.3214541035173006,879,12.146195694912103,139881,520.1804394475405,21.62252116281188,16243.709641038018,127.4508126338864,3683,3683,3.0,5.0,3.0,3.0,2.0,1,0
H3K4me3_XJ_immune/samples/tcell/McGill0006/problems/chr22:20609431-50364777,1341968,40,0.9573248226747804,1.1689555629500197,155,3.837392977568952,1148007,3520.042851282107,39.35443960061022,18.59696978911688,4.312420409597942,459,459,3.0,5.0,3.0,3.0,2.0,1,0
H3K4me3_XJ_immune/samples/tcell/McGill0007/problems/chr15:29209443-82829645,2423649,10,0.972413093986064,1.099061852949259,75,4.184100391846722,2205199,25.60123393278052,4.247656090600764,23.944243259279016,4.893285528076102,74,74,3.0,5.0,3.0,3.0,2.0,1,0
H3K4me3_XJ_immune/samples/tcell/McGill0007/problems/chr16:46385801-88389383,1886581,33,0.9998450577567188,1.1585609773622054,1859,12.07095746457838,1628384,213.3782837654853,13.27936651708281,6253.069011454789,79.0763492547221,1996,1996,3.0,5.0,3.0,3.0,2.0,1,0
H3K4me3_XJ_immune/samples/tcell/McGill0007/problems/chr17:396626-21566608,882812,10,0.9768846112648604,1.0942440175612127,74,4.3679780956123055,806779,18.006446086874956,3.6341164809229385,28.231977737284826,5.313377244021436,73,73,3.0,5.0,3.0,3.0,2.0,1,0
H3K4me3_XJ_immune/samples/tcell/McGill0007/problems/chr18:10000-15410898,714536,18,0.996241283728974,1.103668567033096,488,4.481722838342962,647420,1640.2955072441116,34.78784757344556,181.09548164459872,13.457172126587322,872,872,3.0,5.0,3.0,3.0,2.0,1,0
H3K4me3_XJ_immune/samples/tcell/McGill0007/problems/chr18:18510898-52059136,1587964,180,0.9991712215655224,1.1170541741349669,1141,4.807920144347954,1421565,2808.85974700018,46.65829889202352,1122.32913994583,33.501181172397935,2720,2720,3.0,5.0,3.0,3.0,2.0,1,0
H3K4me3_XJ_immune/samples/tcell/McGill0007/problems/chr19:20573415-24631782,227280,8,0.977562200382,1.1033866708093834,128,4.861295725416899,205985,88.3601378397558,6.314022613393339,29.76633288914672,5.455853085370491,138,138,4.0,6.0,4.0,4.0,2.0,1,0
H3K4me3_XJ_immune/samples/tcell/McGill0007/problems/chr1:30028082-103863906,3491164,8,0.9688775121310734,1.1004536833521568,89,4.125728531450809,3172478,30.82437571448406,4.545797502792689,21.291759165841864,4.61429942308059,89,89,3.0,5.0,3.0,3.0,2.0,1,0
H3K4me3_XJ_immune/samples/tcell/McGill0007/problems/chr21:14338129-42955559,1373845,10,0.952684459905026,1.100360340589536,85,3.870122110429605,1248542,32.87741227411428,4.312785677544055,14.003180718937,3.742082404081583,90,90,3.0,5.0,3.0,3.0,2.0,1,0
H3K4me3_XJ_immune/samples/tcell/McGill0007/problems/chr22:16847850-20509431,150019,179,0.9995810678646356,1.1981869733636836,746,9.76094596105618,125206,462.3060478673356,20.20350441391878,6624.878439320482,81.39335623575478,2266,2266,4.0,5.0,3.0,3.0,1.0,1,0
H3K4me3_XJ_immune/samples/tcell/McGill0007/problems/chr22:20609431-50364777,1110352,22,0.9806366639875682,1.0919472294476598,152,4.2323357486212405,1016856,381.7209900025133,10.297429744253895,33.67453033144982,5.802975989218792,335,335,4.0,5.0,3.0,3.0,1.0,1,0
H3K4me3_XJ_immune/samples/tcell/McGill0008/problems/chr15:29209443-82829645,2662946,26,0.9972532577269207,1.0550641331935533,193,7.363786452041568,2523967,21.99562213068168,4.352732415262487,216.20638294261863,14.7039580706223,194,194,3.0,5.0,3.0,3.0,2.0,1,0
H3K4me3_XJ_immune/samples/tcell/McGill0008/problems/chr16:46385801-88389383,2024853,55,0.999894372744912,1.1267499279384154,2349,16.374875839906515,1797075,217.02513810214543,13.313488506317336,9936.305581928516,99.6810191657796,2787,2787,3.0,5.0,3.0,3.0,2.0,1,0
H3K4me3_XJ_immune/samples/tcell/McGill0008/problems/chr17:396626-21566608,1089267,24,0.997916296225876,1.070224495550667,167,9.408546326663352,1017794,12.900445253240113,3.389305465178687,298.6133912173112,17.280433768204755,166,166,4.0,6.0,3.0,3.0,2.0,1,0
H3K4me3_XJ_immune/samples/tcell/McGill0008/problems/chr18:10000-15410898,729972,20,0.9981573730924508,1.0506278101773758,546,6.440543065096712,694797,610.5636241505053,18.45801187285513,323.78326195175094,17.99397849147739,895,895,3.0,5.0,3.0,3.0,2.0,1,0
H3K4me3_XJ_immune/samples/tcell/McGill0008/problems/chr18:18510898-52059136,1507474,77,0.9979835736324876,1.04395128004831,660,5.1400344457686895,1444009,1546.8773861839045,30.92000293875334,305.330040529309,17.473695674622153,1183,1183,2.0,4.0,3.0,3.0,2.0,1,0
H3K4me3_XJ_immune/samples/tcell/McGill0008/problems/chr19:20573415-24631782,237866,19,0.9972151663096026,1.0564075233717496,149,7.454318147500067,225166,25.82801102688312,4.779117843117783,214.21447117444544,14.63606747642431,148,148,4.0,6.0,4.0,4.0,2.0,1,0
H3K4me3_XJ_immune/samples/tcell/McGill0008/problems/chr1:30028082-103863906,3648795,24,0.9968059075474868,1.049981525732755,181,6.658880523034556,3475105,26.781395091978293,4.794769874579919,182.906034811293,13.524275759215094,181,181,3.0,5.0,3.0,3.0,2.0,1,0
H3K4me3_XJ_immune/samples/tcell/McGill0008/problems/chr21:14338129-42955559,1350139,21,0.9944977814695332,1.0404067802879395,138,5.252783377411181,1297704,41.014098792240986,5.862446920390879,102.87882402030112,10.142919896178867,137,137,3.0,5.0,3.0,3.0,2.0,1,0
H3K4me3_XJ_immune/samples/tcell/McGill0008/problems/chr22:16847850-20509431,179783,8,0.9966190822443846,1.0575346172397972,122,7.748904431098275,170003,15.32880081813569,3.638158502790803,176.1754350420304,13.27310947148521,121,121,4.0,6.0,3.0,3.0,2.0,1,0
H3K4me3_XJ_immune/samples/tcell/McGill0008/problems/chr22:20609431-50364777,1396291,33,0.997528603157804,1.0635749694552523,185,8.612805628151115,1312829,14.864060380078802,3.554665279247269,246.48059980157504,15.69970062776915,186,186,4.0,6.0,3.0,3.0,2.0,1,0
H3K4me3_XJ_immune/samples/tcell/McGill0009/problems/chr15:29209443-82829645,2616252,20,0.9956744118218784,1.0530588291645049,146,6.457908688988066,2484432,21.06156026290278,4.243632797956176,135.76639585439796,11.65188378994564,145,145,3.0,5.0,3.0,3.0,2.0,1,0
H3K4me3_XJ_immune/samples/tcell/McGill0009/problems/chr16:46385801-88389383,2029516,55,0.9999105392309912,1.1428375145070802,2639,17.61020137871384,1775858,216.60502245480205,13.403330291521645,13781.546075119624,117.39482984833542,3112,3112,3.0,5.0,3.0,3.0,2.0,1,0
H3K4me3_XJ_immune/samples/tcell/McGill0009/problems/chr17:396626-21566608,1059237,15,0.9968059166622169,1.0647427849409294,142,8.09862991666918,994830,12.399517780941462,3.313500149924291,190.38910209038363,13.798155749605948,142,142,4.0,6.0,3.0,3.0,2.0,1,0
H3K4me3_XJ_immune/samples/tcell/McGill0009/problems/chr18:10000-15410898,726407,18,0.9967749394634848,1.0499927004239535,429,5.751665890937264,691822,428.4487223612832,15.206593629470287,181.9758036822488,13.48984075822427,595,595,3.0,5.0,3.0,3.0,2.0,1,0
H3K4me3_XJ_immune/samples/tcell/McGill0009/problems/chr18:18510898-52059136,1544801,72,0.99845447371187,1.0491927645953365,801,4.968380952639686,1472372,2441.176683453236,41.9536876231913,427.36682643737447,20.6728524020604,1564,1564,3.0,5.0,3.0,3.0,2.0,1,0
H3K4me3_XJ_immune/samples/tcell/McGill0009/problems/chr19:20573415-24631782,258700,16,0.9955471764343896,1.0581426263369942,146,7.081403434143469,244486,24.97797306201153,4.5570544356238765,133.95381293347546,11.573841753431548,146,146,5.0,7.0,4.0,4.0,2.0,1,0
H3K4me3_XJ_immune/samples/tcell/McGill0009/problems/chr1:30028082-103863906,3662020,16,0.9949988160527672,1.0497911322660802,132,5.97552613239619,3488333,24.623919056958265,4.60325031748797,116.16473644933012,10.777974598658606,131,131,3.0,5.0,3.0,3.0,2.0,1,0
H3K4me3_XJ_immune/samples/tcell/McGill0009/problems/chr21:14338129-42955559,1382883,20,0.9916699569020588,1.0429265047919851,110,4.929872960447674,1325965,35.800761504373575,5.448230456953493,68.26238789643783,8.262105536510523,110,110,3.0,5.0,3.0,3.0,2.0,1,0
H3K4me3_XJ_immune/samples/tcell/McGill0009/problems/chr22:16847850-20509431,160814,11,0.9956457560167074,1.0583349786113854,150,6.924896841745036,151951,19.91724660927265,3.88550049569316,137.57231556724207,11.729122540379654,155,155,4.0,6.0,3.0,3.0,2.0,1,0
H3K4me3_XJ_immune/samples/tcell/McGill0009/problems/chr22:20609431-50364777,1336114,25,0.9963484866119326,1.060062995374521,154,7.555399786260196,1260411,13.463746811916574,3.4007836927605903,164.2673083437266,12.816680862989708,154,154,4.0,6.0,3.0,3.0,2.0,1,0
H3K4me3_XJ_immune/samples/tcell/McGill0010/problems/chr15:29209443-82829645,2321934,6,0.9401918757314875,1.0691002818784654,72,3.731192034105345,2171859,22.55534051697471,3.2786291126300355,10.17493926401629,3.1898180612718794,78,78,3.0,5.0,3.0,3.0,2.0,1,0
H3K4me3_XJ_immune/samples/tcell/McGill0010/problems/chr16:46385801-88389383,1747365,48,0.9998961800946712,1.162376020275799,2276,15.431735196115673,1503271,182.47286759778413,12.339652130343945,11374.029209890756,106.64909380717098,2534,2534,3.0,5.0,3.0,3.0,2.0,1,0
H3K4me3_XJ_immune/samples/tcell/McGill0010/problems/chr17:396626-21566608,747519,7,0.9439178364423272,1.0648327792070154,50,3.5256557270796445,702007,19.8692518035667,3.300091308507272,10.731553499505605,3.2759049893892835,49,49,3.0,5.0,3.0,3.0,2.0,1,0
H3K4me3_XJ_immune/samples/tcell/McGill0010/problems/chr18:10000-15410898,683402,25,0.9976951962250994,1.0766135765710414,559,4.401136787912491,634771,1690.792176493513,36.34269240064738,278.5732973618735,16.690515191625256,1054,1054,3.0,5.0,3.0,3.0,2.0,1,0
H3K4me3_XJ_immune/samples/tcell/McGill0010/problems/chr18:18510898-52059136,1569765,108,0.9979227452556072,1.0787969544507725,736,4.144288946250038,1455108,3247.395094111396,50.40043455178668,334.750040320032,18.29617556540252,1534,1534,3.0,5.0,3.0,3.0,2.0,1,0
H3K4me3_XJ_immune/samples/tcell/McGill0010/problems/chr19:20573415-24631782,211290,6,0.949871518414648,1.074627321137033,101,4.151471381053617,196618,198.9744266671006,8.596078207402368,12.323748992103782,3.510519760961869,111,111,4.0,6.0,4.0,4.0,2.0,1,0
H3K4me3_XJ_immune/samples/tcell/McGill0010/problems/chr1:30028082-103863906,3525324,7,0.9387681182935038,1.0711666317746582,57,3.8975451428515866,3291108,19.967761330970585,3.0881582104951995,9.992723194352209,3.161126886784554,56,56,3.0,5.0,3.0,3.0,2.0,1,0
H3K4me3_XJ_immune/samples/tcell/McGill0010/problems/chr21:14338129-42955559,1400056,9,0.9236847075005196,1.0714514755209916,71,3.7889456735022486,1306692,20.22371838901952,2.681444068684492,8.02374071676835,2.832620821212813,73,73,3.0,5.0,3.0,3.0,2.0,1,0
H3K4me3_XJ_immune/samples/tcell/McGill0010/problems/chr22:16847850-20509431,111283,12,0.9905879149041382,1.074460997769646,187,3.896487467655351,103572,665.1833748704694,22.480534035323867,67.26784499807604,8.20169768999541,299,299,4.0,5.0,3.0,3.0,1.0,1,0
H3K4me3_XJ_immune/samples/tcell/McGill0010/problems/chr22:20609431-50364777,895670,10,0.9529598014795152,1.0640974768271558,98,3.4255945273897823,841719,69.57660817757069,5.068047833828004,12.77813598939626,3.574651869678537,123,123,3.0,4.0,3.0,3.0,1.0,1,0
H3K4me3_XJ_immune/samples/tcell/McGill0011/problems/chr15:29209443-82829645,2410404,15,0.9954778896189602,1.04632307298291,153,6.127025282470609,2303691,22.2441008851826,4.350949130946541,127.28691563784662,11.282150310904685,153,153,3.0,5.0,3.0,3.0,2.0,1,0
H3K4me3_XJ_immune/samples/tcell/McGill0011/problems/chr16:46385801-88389383,2059133,68,0.9999105734073878,1.1459089130818283,2673,18.16079354726692,1796944,201.0510382303011,12.916372656988743,14669.857136223967,121.11918566529404,3507,3507,3.0,5.0,3.0,3.0,2.0,1,0
H3K4me3_XJ_immune/samples/tcell/McGill0011/problems/chr17:396626-21566608,1036530,23,0.9966467813566302,1.05781428115104,141,7.807591745928073,979880,13.619688985292449,3.424671465033028,177.73959354717104,13.331901347788731,140,140,4.0,6.0,3.0,3.0,2.0,1,0
H3K4me3_XJ_immune/samples/tcell/McGill0011/problems/chr18:10000-15410898,683688,22,0.9980620458469046,1.0452618398582445,573,5.4726885231866245,654084,841.3541763367974,23.760669624577453,305.3468531683668,17.474176752235476,908,908,3.0,5.0,3.0,3.0,2.0,1,0
H3K4me3_XJ_immune/samples/tcell/McGill0011/problems/chr18:18510898-52059136,1413100,58,0.9970460302022724,1.0396510904160223,594,4.5875720180958455,1359207,1784.4592911494074,33.1475022748258,201.2029206618596,14.184601533418538,1055,1055,2.0,4.0,3.0,3.0,2.0,1,0
H3K4me3_XJ_immune/samples/tcell/McGill0011/problems/chr19:20573415-24631782,213518,14,0.9963083284219284,1.0502813631355266,135,6.605483602807714,203297,23.775134207677056,4.643936348766781,158.12158667801097,12.57464061824476,136,136,4.0,6.0,3.0,3.0,2.0,1,0
H3K4me3_XJ_immune/samples/tcell/McGill0011/problems/chr1:30028082-103863906,3266528,13,0.9947750767537962,1.0425682738326063,156,5.5884357497679655,3133156,28.295127571212515,4.854065943967568,108.87017529837232,10.43408718088805,155,155,3.0,5.0,3.0,3.0,2.0,1,0
H3K4me3_XJ_immune/samples/tcell/McGill0011/problems/chr21:14338129-42955559,1216449,16,0.9906743966403484,1.0357367577227992,117,4.539501804205783,1174478,41.714087951143725,5.794211255523456,59.74597127685293,7.729551816040367,117,117,3.0,5.0,3.0,3.0,2.0,1,0
H3K4me3_XJ_immune/samples/tcell/McGill0011/problems/chr22:16847850-20509431,175684,11,0.9957491639368308,1.05520985993321,152,7.180175743124336,166493,20.042718655626235,3.866215225984999,139.77166059869032,11.822506527749956,178,178,4.0,6.0,3.0,3.0,2.0,1,0
H3K4me3_XJ_immune/samples/tcell/McGill0011/problems/chr22:20609431-50364777,1366910,11,0.995821014061128,1.052021946915187,145,6.994925029900301,1299318,15.299840607131742,3.599204461891884,139.93622079863988,11.829464096003669,146,146,4.0,6.0,3.0,3.0,2.0,1,0
H3K4me3_XJ_immune/samples/tcell/McGill0024/problems/chr15:29209443-82829645,2939061,20,0.9845988954328568,1.5322429036834062,154,7.1743623002235495,1918144,27.243249452988767,4.439766235577754,106.1531856732162,10.303066809121264,156,156,6.0,8.0,4.0,4.0,2.0,1,0
H3K4me3_XJ_immune/samples/tcell/McGill0024/problems/chr16:46385801-88389383,2320117,89,0.9999053396894744,1.7124189133035692,3651,29.47059882882444,1354878,166.56196314090528,11.755070150962329,38455.61462382908,196.10103167456583,4586,4586,6.0,8.0,4.0,4.0,2.0,1,0
H3K4me3_XJ_immune/samples/tcell/McGill0024/problems/chr17:396626-21566608,1025560,16,0.9862182215953638,1.4926811234551909,138,7.362723779582569,687060,19.88047604487076,3.869298290659628,111.6858113101023,10.568150798985709,142,142,6.0,8.0,4.0,4.0,2.0,1,0
H3K4me3_XJ_immune/samples/tcell/McGill0024/problems/chr18:10000-15410898,854328,23,0.994647571126418,1.549458441850511,532,7.431535457847954,551373,743.5195147443853,21.56667075070328,316.04940167140245,17.777778310897073,891,891,6.0,8.0,4.0,4.0,2.0,1,0
H3K4me3_XJ_immune/samples/tcell/McGill0024/problems/chr18:18510898-52059136,1868871,178,0.9972090227504494,1.5620212897553083,843,6.602466473594691,1196445,2484.0462353399644,43.421768987950735,664.6738724483254,25.781269798990223,1946,1946,5.0,7.0,4.0,4.0,2.0,1,0
H3K4me3_XJ_immune/samples/tcell/McGill0024/problems/chr19:20573415-24631782,278792,15,0.9786367836229338,1.5396663224224485,131,7.45710041198626,181074,27.368370094249183,4.098359610901454,77.3994789754482,8.797697367803021,135,135,6.0,9.0,5.0,5.0,3.0,1,0
H3K4me3_XJ_immune/samples/tcell/McGill0024/problems/chr1:30028082-103863906,4346732,19,0.9834332792836268,1.5506210714820814,145,7.157175263741246,2803221,28.97201593157886,4.585716954094677,101.48550044763556,10.074001213402523,152,152,6.0,8.0,5.0,5.0,2.0,1,0
H3K4me3_XJ_immune/samples/tcell/McGill0024/problems/chr21:14338129-42955559,1665730,20,0.9732466057476978,1.554396360667211,134,6.336427074371096,1071626,35.11537584952755,4.744422661080936,63.057001197656106,7.94084385929204,133,133,6.0,8.0,4.0,4.0,2.0,1,0
H3K4me3_XJ_immune/samples/tcell/McGill0024/problems/chr22:16847850-20509431,152134,20,0.9888908866344271,1.4821663435402317,199,6.976813062624216,102644,163.93893263931224,9.33280756161045,138.50634050786252,11.768871675222842,310,310,6.0,8.0,4.0,4.0,2.0,1,0
H3K4me3_XJ_immune/samples/tcell/McGill0024/problems/chr22:20609431-50364777,1283610,20,0.987948951402598,1.4850443913285931,185,7.4313682162157155,864359,27.52461300721321,4.290431466711952,126.52591844477408,11.248374035600616,205,205,6.0,8.0,4.0,4.0,2.0,1,0
H3K4me3_XJ_immune/samples/tcell/McGill0025/problems/chr15:29209443-82829645,4042274,33,0.9733924611323808,1.0598629927589678,96,5.44731145580971,3813960,30.707999829358133,4.3087885191303466,22.361123381385205,4.7287549504478665,108,108,4.0,7.0,5.0,5.0,3.0,1,0
H3K4me3_XJ_immune/samples/tcell/McGill0025/problems/chr16:46385801-88389383,3417411,98,0.9999329499135068,1.1694363153053515,4351,18.75401511084009,2922273,365.97805716083735,17.40373723026811,27707.83766829865,166.45671409798598,5789,5789,4.0,7.0,5.0,5.0,3.0,1,0
H3K4me3_XJ_immune/samples/tcell/McGill0025/problems/chr17:396626-21566608,1445768,13,0.9789673492875706,1.0585293745108275,74,5.446540120717982,1365828,20.24526120327144,3.728793586687836,28.16093206464829,5.3066874851123735,74,74,3.0,6.0,4.0,4.0,3.0,1,0
H3K4me3_XJ_immune/samples/tcell/McGill0025/problems/chr18:10000-15410898,1223602,22,0.9976263032634722,1.0668237197874726,719,6.050761186755586,1146959,1485.507178927677,34.080216146783165,261.8616808734627,16.18214080007533,1065,1065,4.0,7.0,5.0,5.0,3.0,1,0
H3K4me3_XJ_immune/samples/tcell/McGill0025/problems/chr18:18510898-52059136,2752461,165,0.9987693027462896,1.0696650356229735,1057,5.985430592258666,2573200,5072.865873388573,63.03385636351522,605.083168736555,24.59843833938559,2587,2587,4.0,7.0,5.0,5.0,3.0,1,0
H3K4me3_XJ_immune/samples/tcell/McGill0025/problems/chr19:20573415-24631782,364648,11,0.9817686660095826,1.0663750069454396,145,6.480391984839978,341952,79.0988241871419,5.885063389202635,33.199672843727626,5.761915726885254,153,153,5.0,8.0,5.0,5.0,3.0,1,0
H3K4me3_XJ_immune/samples/tcell/McGill0025/problems/chr1:30028082-103863906,5840869,30,0.9699839205933084,1.0610120112668524,91,5.5325988251768985,5504999,29.27239920428503,4.116698107936231,19.876351599506137,4.458290210327961,92,92,4.0,7.0,5.0,5.0,3.0,1,0
H3K4me3_XJ_immune/samples/tcell/McGill0025/problems/chr21:14338129-42955559,2339998,33,0.961448885947638,1.0608487976356653,107,5.499957384689316,2205780,37.19502280708475,3.971932676371588,15.48033031217717,3.934505091136263,106,106,4.0,7.0,5.0,5.0,3.0,1,0
H3K4me3_XJ_immune/samples/tcell/McGill0025/problems/chr22:16847850-20509431,224755,18,0.9841989536742588,1.060475233322953,147,5.60294235605528,211939,117.9364624701541,6.941886799569348,37.89498301467292,6.155890107423371,182,182,5.0,7.0,4.0,4.0,2.0,1,0
H3K4me3_XJ_immune/samples/tcell/McGill0025/problems/chr22:20609431-50364777,1839227,23,0.9780791988620468,1.0561960158932426,74,5.1166265641420265,1741370,24.23121227771511,4.01610052405259,26.86573348058622,5.183216518783121,73,73,4.0,6.0,4.0,4.0,2.0,1,0
H3K4me3_XJ_immune/samples/tcell/McGill0026/problems/chr15:29209443-82829645,2018644,7,0.9273217705831172,1.0373389695593436,61,3.1378695816615143,1945984,20.84082024676006,3.2861542499325505,7.671735581688684,2.769789808214458,64,64,3.0,4.0,3.0,3.0,1.0,1,0
H3K4me3_XJ_immune/samples/tcell/McGill0026/problems/chr16:46385801-88389383,1641163,44,0.9999081798801398,1.1326880206500058,2318,15.580626415287067,1448911,178.13690931140553,12.146504261512908,12107.376878864105,110.0335261584582,2613,2613,3.0,4.0,3.0,3.0,1.0,1,0
H3K4me3_XJ_immune/samples/tcell/McGill0026/problems/chr17:396626-21566608,754478,7,0.9423550347563276,1.0363708791208792,44,3.228789520893516,728001,15.778903624534165,3.143108662001359,9.64675054867987,3.1059218516697857,43,43,3.0,4.0,3.0,3.0,1.0,1,0
H3K4me3_XJ_immune/samples/tcell/McGill0026/problems/chr18:10000-15410898,587780,21,0.997205294653199,1.0432840960322616,508,3.7042057526247127,563395,1216.4500786927065,31.276663543840808,208.0388913363967,14.423553353331371,776,776,3.0,4.0,3.0,3.0,1.0,1,0
H3K4me3_XJ_immune/samples/tcell/McGill0026/problems/chr18:18510898-52059136,1316856,145,0.998944920317446,1.0515029272826577,933,3.9122223136054655,1252357,2594.79846866806,44.5893211766784,686.2552129198874,26.196473291645336,2063,2063,3.0,4.0,3.0,3.0,1.0,1,0
H3K4me3_XJ_immune/samples/tcell/McGill0026/problems/chr19:20573415-24631782,181174,9,0.966418613987612,1.0394854611800886,120,3.701101019547544,174293,357.1392268040353,13.33257871803624,16.728592420317216,4.090060197639788,147,147,3.0,5.0,3.0,3.0,2.0,1,0
H3K4me3_XJ_immune/samples/tcell/McGill0026/problems/chr1:30028082-103863906,2924178,6,0.9247225106486252,1.0379912187880591,70,3.1914163666000275,2817152,26.71111187889544,3.465219192732284,7.418770416266962,2.723741987829788,69,69,2.0,4.0,3.0,3.0,2.0,1,0
H3K4me3_XJ_immune/samples/tcell/McGill0026/problems/chr21:14338129-42955559,1135450,14,0.8984835484267587,1.0377755984495287,44,3.0759020948342046,1094120,14.006474391268508,2.409587281550694,5.500004235945234,2.345208783018099,43,43,2.0,4.0,3.0,3.0,2.0,1,0
H3K4me3_XJ_immune/samples/tcell/McGill0026/problems/chr22:16847850-20509431,123079,9,0.9772914467821938,1.039544920901712,149,3.399457761110829,118398,347.92363189083164,14.500851497345735,24.897537502223543,4.989743230089455,171,171,3.0,4.0,3.0,3.0,1.0,1,0
H3K4me3_XJ_immune/samples/tcell/McGill0026/problems/chr22:20609431-50364777,961887,6,0.9376240551099928,1.0355497994328569,52,3.0482695585051465,928867,18.70450220057216,3.3076723551161447,8.894737121756789,2.982404587200869,52,52,3.0,4.0,2.0,2.0,1.0,1,0
H3K4me3_XJ_immune/samples/tcell/McGill0027/problems/chr15:29209443-82829645,3529226,14,0.9675064309184644,1.322551983382406,89,5.706696800971932,2668498,20.87924652085336,3.6388610602341487,34.379440698658165,5.863398391603471,88,88,5.0,7.0,4.0,4.0,2.0,1,0
H3K4me3_XJ_immune/samples/tcell/McGill0027/problems/chr16:46385801-88389383,2898337,73,0.9999041985659092,1.43655767841999,3488,20.174444055635576,2017558,255.9977478067237,14.525713087183505,23031.775243755143,151.76223260006142,4510,4510,5.0,7.0,4.0,4.0,2.0,1,0
H3K4me3_XJ_immune/samples/tcell/McGill0027/problems/chr17:396626-21566608,1255972,14,0.9749791617136224,1.3091100875643231,90,5.86904868617171,959410,17.167020641552185,3.419274383200884,43.50224179520316,6.595622927002662,89,89,5.0,7.0,4.0,4.0,2.0,1,0
H3K4me3_XJ_immune/samples/tcell/McGill0027/problems/chr18:10000-15410898,1064004,40,0.99826454529836,1.337148717020683,827,6.613337237519903,795727,1650.1601570393366,36.18036489840923,695.7075358440339,26.376268421519256,1668,1668,5.0,7.0,4.0,4.0,2.0,1,0
H3K4me3_XJ_immune/samples/tcell/McGill0027/problems/chr18:18510898-52059136,2380187,154,0.9978825694841296,1.3417116076557236,919,6.064025019250347,1773994,4108.342923709152,56.5136323104972,608.807083923798,24.67401637196097,2277,2277,5.0,7.0,4.0,4.0,2.0,1,0
H3K4me3_XJ_immune/samples/tcell/McGill0027/problems/chr19:20573415-24631782,334386,11,0.9769807284516148,1.3358981734503093,156,6.891094607065667,250309,91.42904094944676,5.958803543317183,49.80068331138156,7.056959919921719,192,192,6.0,9.0,5.0,5.0,3.0,1,0
H3K4me3_XJ_immune/samples/tcell/McGill0027/problems/chr1:30028082-103863906,5112312,18,0.9640526628225744,1.3295716450260358,100,5.725461062869124,3845083,23.76301444108492,3.7403741796534233,31.507094342174472,5.613118058813165,99,99,5.0,7.0,4.0,4.0,2.0,1,0
H3K4me3_XJ_immune/samples/tcell/McGill0027/problems/chr21:14338129-42955559,2043591,16,0.9524547624285354,1.3328604775386976,119,5.568383382097235,1533238,28.13968041261684,3.511192155356736,23.9913774894399,4.898099375210746,126,126,5.0,7.0,5.0,5.0,2.0,1,0
H3K4me3_XJ_immune/samples/tcell/McGill0027/problems/chr22:16847850-20509431,227280,264,0.9995941642737328,1.4037254805079302,846,12.063577353269968,161913,753.9940767908957,25.38316387629955,11098.389465544617,105.34889399298228,3829,3829,6.0,8.0,4.0,4.0,2.0,1,0
H3K4me3_XJ_immune/samples/tcell/McGill0027/problems/chr22:20609431-50364777,1601748,46,0.9768943931672324,1.3002013924571585,184,5.606902698543092,1231924,334.8262604641523,9.214738542328766,46.47881715285412,6.817537469853328,395,395,5.0,7.0,4.0,4.0,2.0,1,0
H3K4me3_XJ_immune/samples/tcell/McGill0028/problems/chr15:29209443-82829645,2738136,6,0.961451950949498,1.0306394879429073,62,4.066318219047734,2656736,24.47930016717964,3.902150073352477,14.19360801863113,3.7674405129518806,61,61,3.0,5.0,3.0,3.0,2.0,1,0
H3K4me3_XJ_immune/samples/tcell/McGill0028/problems/chr16:46385801-88389383,2206917,68,0.999926801806622,1.1374653000763837,3136,17.57747858862482,1940207,236.6550002515488,14.007789215488408,18747.79699321769,136.92259489659727,3781,3781,3.0,5.0,3.0,3.0,2.0,1,0
H3K4me3_XJ_immune/samples/tcell/McGill0028/problems/chr17:396626-21566608,1042438,5,0.972070950277068,1.032178149196982,58,4.305407939671723,1009941,19.0933098572948,3.641785294081891,19.68024147297308,4.436241818586209,57,57,3.0,5.0,3.0,3.0,2.0,1,0
H3K4me3_XJ_immune/samples/tcell/McGill0028/problems/chr18:10000-15410898,786033,26,0.997978370168641,1.0375125558827527,605,4.56290010480271,757614,1872.954066828597,38.10683746752997,286.2217436034784,16.918089242094638,1150,1150,3.0,5.0,3.0,3.0,2.0,1,0
H3K4me3_XJ_immune/samples/tcell/McGill0028/problems/chr18:18510898-52059136,1726147,99,0.9980173435363467,1.035934752471088,748,4.205785253419162,1666271,4181.385186457888,57.65004059017079,311.2653748827857,17.64271449870415,1622,1622,3.0,5.0,3.0,3.0,2.0,1,0
H3K4me3_XJ_immune/samples/tcell/McGill0028/problems/chr19:20573415-24631782,249580,7,0.9759910305605248,1.0350776785195877,127,4.834727504219838,241123,154.3596365830733,8.102584337427551,23.09654709741777,4.805886712919664,145,145,4.0,6.0,4.0,4.0,2.0,1,0
H3K4me3_XJ_immune/samples/tcell/McGill0028/problems/chr1:30028082-103863906,3923794,7,0.959494184914784,1.0306633181483755,85,4.104166524387073,3807058,30.60816131340477,4.193270321554458,13.508234676161184,3.6753550408309104,85,85,3.0,5.0,3.0,3.0,2.0,1,0
H3K4me3_XJ_immune/samples/tcell/McGill0028/problems/chr21:14338129-42955559,1520032,15,0.9438167094909052,1.0300210946589787,72,3.934631673815671,1475730,27.78463356843401,3.648895053968996,9.7240932820003,3.118347844933323,73,73,3.0,5.0,3.0,3.0,2.0,1,0
H3K4me3_XJ_immune/samples/tcell/McGill0028/problems/chr22:16847850-20509431,158392,12,0.9815081387457792,1.032629883888465,141,4.2402273971888285,153388,158.8854093052051,9.152967773360311,29.89399497267312,5.467540120810557,155,155,3.0,5.0,3.0,3.0,2.0,1,0
H3K4me3_XJ_immune/samples/tcell/McGill0028/problems/chr22:20609431-50364777,1316928,9,0.9669261398938268,1.0297832410622123,65,3.9908620383612976,1278841,19.80698842462149,3.5942316898038387,16.505227165676022,4.062662570984209,64,64,3.0,5.0,3.0,3.0,2.0,1,0
H3K4me3_XJ_immune/samples/tcell/McGill0029/problems/chr15:29209443-82829645,3726298,10,0.9696409068871046,1.1017092571655636,130,5.722951823454471,3382289,38.76333869607022,4.158277614959162,21.851085778545464,4.674514496559558,145,145,4.0,7.0,5.0,5.0,3.0,1,0
H3K4me3_XJ_immune/samples/tcell/McGill0029/problems/chr16:46385801-88389383,3071029,105,0.999944057751922,1.2545288841211886,4968,24.72858242900707,2447955,302.5254364611138,15.820000172021867,46678.27415262137,216.051554386034,6452,6452,4.0,7.0,5.0,5.0,3.0,1,0
H3K4me3_XJ_immune/samples/tcell/McGill0029/problems/chr17:396626-21566608,1128094,8,0.9708578685970466,1.0946874238852926,87,5.178684894392917,1030518,27.95088546607244,3.855448234155866,22.36518267600981,4.729184144861543,86,86,5.0,7.0,4.0,4.0,2.0,1,0
H3K4me3_XJ_immune/samples/tcell/McGill0029/problems/chr18:10000-15410898,1148738,20,0.9957759278523776,1.10805787136845,549,6.363440640330892,1036714,1390.203271224383,31.649702110660467,161.83993597248005,12.721632598549608,823,823,5.0,8.0,5.0,5.0,3.0,1,0
H3K4me3_XJ_immune/samples/tcell/McGill0029/problems/chr18:18510898-52059136,2731374,194,0.998808724600837,1.1154292855042631,1112,6.574353305256091,2448721,4574.559534148668,59.84170791483855,693.0068720391318,26.32502368544294,2611,2611,5.0,8.0,5.0,5.0,3.0,1,0
H3K4me3_XJ_immune/samples/tcell/McGill0029/problems/chr19:20573415-24631782,350296,9,0.981083371399742,1.109672923101291,181,6.772323521585423,315676,294.6048787993329,11.41363328102384,35.87925099197717,5.989929130797557,216,216,5.0,9.0,6.0,6.0,4.0,1,0
H3K4me3_XJ_immune/samples/tcell/McGill0029/problems/chr1:30028082-103863906,5719068,8,0.9686680367004352,1.1047116676949371,87,6.035622898991864,5176979,30.68091648257404,3.821468474095437,21.326586308461128,4.618071708891183,86,86,5.0,8.0,5.0,5.0,3.0,1,0
H3K4me3_XJ_immune/samples/tcell/McGill0029/problems/chr21:14338129-42955559,2394472,25,0.9654132299578334,1.1072580003736374,128,6.217417139686247,2162525,43.78146805824976,3.937636693060589,19.46336573377591,4.411730469302936,132,132,5.0,8.0,6.0,6.0,3.0,1,0
H3K4me3_XJ_immune/samples/tcell/McGill0029/problems/chr22:16847850-20509431,173877,26,0.994410931267658,1.1069891514719363,257,6.109261298886505,157073,526.2007473821703,19.30517360114699,125.52421394885504,11.203758920507664,411,411,5.0,7.0,4.0,4.0,2.0,1,0
H3K4me3_XJ_immune/samples/tcell/McGill0029/problems/chr22:20609431-50364777,1362326,11,0.9751211742035476,1.0934007944119883,115,4.976757568899012,1245954,43.87417406256332,4.8009960454355385,26.123974017048585,5.111161709146814,124,124,4.0,6.0,4.0,4.0,2.0,1,0
H3K4me3_XJ_immune/samples/tcell/McGill0059/problems/chr15:29209443-82829645,3160782,13,0.9951452981560854,1.2472750231833158,273,8.239730387021137,2534151,45.04024924817717,5.68661751641811,194.74018070485536,13.95493391975954,280,280,6.0,8.0,5.0,5.0,2.0,1,0
H3K4me3_XJ_immune/samples/tcell/McGill0059/problems/chr16:46385801-88389383,3108008,291,0.9999632235557137,1.6443564540824696,8802,62.2960192200759,1890107,227.6518654213004,13.787083466279016,289368.66185399995,537.9299785789968,14695,14695,6.0,8.0,4.0,4.0,2.0,1,0
H3K4me3_XJ_immune/samples/tcell/McGill0059/problems/chr17:396626-21566608,1043408,20,0.9948137967976276,1.2300220209269537,194,8.625254484047225,848285,27.004123279808272,4.366131920011055,175.92926053530152,13.263832799583293,197,197,7.0,9.0,5.0,5.0,2.0,1,0
H3K4me3_XJ_immune/samples/tcell/McGill0059/problems/chr18:10000-15410898,1004147,66,0.9994814548611424,1.2714648575002911,1143,9.842876986212216,789757,1190.0637967565622,30.033596502722773,2232.724037599342,47.25170936166587,2748,2748,5.0,8.0,5.0,5.0,3.0,1,0
H3K4me3_XJ_immune/samples/tcell/McGill0059/problems/chr18:18510898-52059136,2282565,281,0.9996166905111808,1.2774725735987935,1849,8.561877967274146,1786783,3144.181102188764,49.79954566462701,5271.482842833879,72.6049780857613,6202,6202,4.0,7.0,5.0,5.0,3.0,1,0
H3K4me3_XJ_immune/samples/tcell/McGill0059/problems/chr19:20573415-24631782,668782,13,0.9944219868468144,1.2920377575741184,266,15.839548007318124,517619,51.25124874579904,3.7488140425179353,186.16218682206755,13.644126458739215,362,362,14.0,21.0,12.0,12.0,7.0,1,0
H3K4me3_XJ_immune/samples/tcell/McGill0059/problems/chr1:30028082-103863906,5003592,16,0.9949641462835156,1.2531750190095403,247,8.290124583837686,3992733,52.84097260211608,6.175850583272425,189.95189074334,13.782303535452266,246,246,6.0,9.0,5.0,5.0,3.0,1,0
H3K4me3_XJ_immune/samples/tcell/McGill0059/problems/chr21:14338129-42955559,1963494,27,0.9908296891707464,1.2479234579184433,211,6.919849880196516,1573410,75.41926975578288,7.150353023841629,103.16672281766463,10.157102087587022,210,210,5.0,8.0,5.0,5.0,3.0,1,0
H3K4me3_XJ_immune/samples/tcell/McGill0059/problems/chr22:16847850-20509431,145790,28,0.9955679676416676,1.2277362796533806,244,8.2830363458753,118748,159.73987385217706,9.416466386806304,211.3361669115701,14.537405783411636,375,375,7.0,9.0,4.0,4.0,2.0,1,0
H3K4me3_XJ_immune/samples/tcell/McGill0059/problems/chr22:20609431-50364777,1202713,13,0.9967636309237436,1.2279874374373352,266,8.891229392119206,979419,45.04606394592496,5.557921333428991,281.596191670369,16.78082809846907,267,267,6.0,8.0,4.0,4.0,2.0,1,0
H3K4me3_XJ_immune/samples/tcell/McGill0095/problems/chr15:29209443-82829645,2688900,25,0.9944996817967472,1.1176864982689556,242,6.788624367874954,2405774,51.58731243485381,5.990451367984597,126.23604080882096,11.23548133409606,248,248,5.0,7.0,4.0,4.0,2.0,1,0
H3K4me3_XJ_immune/samples/tcell/McGill0095/problems/chr16:46385801-88389383,2405000,206,0.9999617831546844,1.407072925576666,6626,46.81808283647014,1709223,197.9221544038344,12.889416425787696,144475.17659791783,380.09890370523016,9620,9620,5.0,7.0,4.0,4.0,2.0,1,0
H3K4me3_XJ_immune/samples/tcell/McGill0095/problems/chr17:396626-21566608,832066,20,0.9938722108967388,1.1102518016809908,154,6.869664015798463,749440,27.92676286088806,4.4893374878384735,111.39755805854932,10.554504159767491,156,156,5.0,7.0,4.0,4.0,2.0,1,0
H3K4me3_XJ_immune/samples/tcell/McGill0095/problems/chr18:10000-15410898,819396,32,0.9989087190742132,1.1283462224866152,786,7.518498525873976,726193,1017.1199100352698,26.76331310169888,692.9608792016073,26.32415011356696,1454,1454,5.0,7.0,4.0,4.0,2.0,1,0
H3K4me3_XJ_immune/samples/tcell/McGill0095/problems/chr18:18510898-52059136,1969898,159,0.9995081810317964,1.1334691648776682,1424,6.786435994839862,1737938,3443.398367419328,52.2759054184008,2289.71747459937,47.850992409764814,4114,4114,4.0,6.0,4.0,4.0,2.0,1,0
H3K4me3_XJ_immune/samples/tcell/McGill0095/problems/chr19:20573415-24631782,456506,8,0.9929737315178884,1.149142370952882,175,11.975293196629906,397259,16.76583744037306,2.4577171773404864,106.5702388183148,10.323286241227391,196,196,11.0,16.0,9.0,9.0,5.0,1,0
H3K4me3_XJ_immune/samples/tcell/McGill0095/problems/chr1:30028082-103863906,4224178,16,0.9939305313272614,1.1195468782549374,199,6.707720278867726,3773115,55.34236239735471,6.369896258930889,114.7945004226314,10.714219543327989,200,200,5.0,7.0,4.0,4.0,2.0,1,0
H3K4me3_XJ_immune/samples/tcell/McGill0095/problems/chr21:14338129-42955559,1695114,21,0.9903828844394316,1.1161097467029242,197,5.8990209847304165,1518771,87.69794682284142,7.659493054381016,71.85398026055422,8.476672711657223,199,199,5.0,7.0,4.0,4.0,2.0,1,0
H3K4me3_XJ_immune/samples/tcell/McGill0095/problems/chr22:16847850-20509431,146880,539,0.9996959637948069,1.4248297537978,1040,23.253979648258262,103087,455.3919156103908,19.442519446648067,46630.10403159323,215.9400473084908,6901,6901,6.0,8.0,4.0,4.0,2.0,1,0
H3K4me3_XJ_immune/samples/tcell/McGill0095/problems/chr22:20609431-50364777,947135,66,0.9965953625352776,1.1101180987922887,301,6.99479010999959,853185,618.1258030474285,15.025351176615835,211.74183775152983,14.551351749976009,922,922,5.0,7.0,3.0,3.0,2.0,1,0
H3K4me3_XJ_immune/samples/tcell/McGill0102/problems/chr15:29209443-82829645,2664139,12,0.9930146642263572,1.045230130874503,116,6.432738229518745,2548855,14.58047625296198,3.4771211322033686,81.88019340387656,9.04876750744965,115,115,5.0,7.0,4.0,4.0,2.0,1,0
H3K4me3_XJ_immune/samples/tcell/McGill0102/problems/chr16:46385801-88389383,2578888,137,0.9999541949153152,1.24915742392112,5558,32.504878898214244,2064503,236.1226337229724,14.131987528408557,74947.26278363717,273.7649772772938,7690,7690,4.0,6.0,4.0,4.0,2.0,1,0
H3K4me3_XJ_immune/samples/tcell/McGill0102/problems/chr17:396626-21566608,1074601,11,0.9946926614737231,1.054095676799225,104,7.846369723400958,1019454,8.146006867119791,2.6713792131876777,110.65153070144342,10.519103131990075,103,103,6.0,8.0,4.0,4.0,2.0,1,0
H3K4me3_XJ_immune/samples/tcell/McGill0102/problems/chr18:10000-15410898,842217,34,0.9993834614612118,1.055099062306213,975,6.90076368392305,798236,1210.9552602986553,30.97531829693289,1064.9592440010952,32.63371330389931,1911,1911,4.0,6.0,4.0,4.0,2.0,1,0
H3K4me3_XJ_immune/samples/tcell/McGill0102/problems/chr18:18510898-52059136,1819587,252,0.9994733443895296,1.055184771735506,1288,6.175674688273084,1724426,3776.643942038575,54.695998266551975,1884.823612878307,43.41455531130437,3807,3807,4.0,6.0,4.0,4.0,2.0,1,0
H3K4me3_XJ_immune/samples/tcell/McGill0102/problems/chr19:20573415-24631782,535542,10,0.9926733439938876,1.072740311040246,199,11.303275651053925,499229,36.78721166027917,3.435174124186464,84.07405990703231,9.169190798921806,236,236,10.0,15.0,9.0,9.0,5.0,1,0
H3K4me3_XJ_immune/samples/tcell/McGill0102/problems/chr1:30028082-103863906,3931019,15,0.9915162156595744,1.0428552820457586,127,6.010655056217333,3769478,20.193374054643083,3.984057976726918,66.93734677595197,8.181524721954458,131,131,4.0,6.0,4.0,4.0,2.0,1,0
H3K4me3_XJ_immune/samples/tcell/McGill0102/problems/chr21:14338129-42955559,1532749,18,0.9857672220796372,1.0367753644020046,109,5.099759060919302,1478382,29.74697928847738,4.663212341666973,39.21918511871593,6.26252226492776,109,109,4.0,6.0,4.0,4.0,2.0,1,0
H3K4me3_XJ_immune/samples/tcell/McGill0102/problems/chr22:16847850-20509431,162184,13,0.9951883943684868,1.0601023603004138,193,7.834472841362181,152990,52.01676752446947,4.85914079800016,126.07350931586808,11.228246048064143,237,237,7.0,9.0,4.0,4.0,2.0,1,0
H3K4me3_XJ_immune/samples/tcell/McGill0102/problems/chr22:20609431-50364777,1310860,14,0.99424066708439,1.04978565588179,108,7.096919661662505,1248694,10.118457887799108,2.933606449640984,100.73345871109062,10.03660593582764,107,107,5.0,7.0,4.0,4.0,2.0,1,0
H3K4me3_XJ_immune/samples/tcell/McGill0106/problems/chr15:29209443-82829645,2314112,14,0.9932938948507584,1.0882589874602326,133,6.402103801854371,2126436,16.660742183815582,3.699592608908117,95.8394364788934,9.789761819313757,132,132,4.0,6.0,3.0,3.0,2.0,1,0
H3K4me3_XJ_immune/samples/tcell/McGill0106/problems/chr16:46385801-88389383,2569568,152,0.999957370859008,1.3871628614045306,6723,44.73293125861049,1852392,209.75062909740245,13.300883125651572,138875.32289430124,372.65979511385615,9809,9809,4.0,6.0,4.0,4.0,2.0,1,0
H3K4me3_XJ_immune/samples/tcell/McGill0106/problems/chr17:396626-21566608,909330,16,0.9946253953623618,1.0932981937669752,109,7.726924057268447,831732,10.394990645680917,2.941170787583573,121.42736284455953,11.01940846164437,108,108,6.0,8.0,4.0,4.0,2.0,1,0
H3K4me3_XJ_immune/samples/tcell/McGill0106/problems/chr18:10000-15410898,763423,35,0.9994193505579152,1.100892916369845,986,6.924314198820695,693459,1182.7283786375417,30.39446417351732,1308.597818516632,36.174546555784666,2047,2047,4.0,6.0,3.0,3.0,2.0,1,0
H3K4me3_XJ_immune/samples/tcell/McGill0106/problems/chr18:18510898-52059136,1658021,197,0.9992871309411464,1.0975590542841331,1161,5.888563494401399,1510645,3156.8637161428906,49.23065973958304,1320.8644967329926,36.34369954659257,3075,3075,3.0,5.0,3.0,3.0,2.0,1,0
H3K4me3_XJ_immune/samples/tcell/McGill0106/problems/chr19:20573415-24631782,444180,14,0.9911883259490858,1.107562032001556,141,9.699449436969507,401044,22.82966560114143,3.5285102299835382,76.55032724198763,8.74930438617766,144,144,8.0,12.0,8.0,8.0,4.0,1,0
H3K4me3_XJ_immune/samples/tcell/McGill0106/problems/chr1:30028082-103863906,3360548,12,0.9917874720758668,1.0860134262369727,161,5.815584008479862,3094390,23.486208088484183,4.279115749843071,77.72481008934207,8.816167539772714,165,165,4.0,6.0,3.0,3.0,2.0,1,0
H3K4me3_XJ_immune/samples/tcell/McGill0106/problems/chr21:14338129-42955559,1336235,25,0.985507528463216,1.0818201175058069,147,4.8271255709721865,1235174,40.43726604809101,5.228439135555504,43.660120860032414,6.607580560237795,168,168,3.0,5.0,3.0,3.0,2.0,1,0
H3K4me3_XJ_immune/samples/tcell/McGill0106/problems/chr22:16847850-20509431,165887,262,0.9996468332115436,1.2742013534169554,902,16.900522313541746,130190,684.8378077291311,24.087204038709327,21972.559786961232,148.23143994092896,5092,5092,7.0,9.0,4.0,4.0,2.0,1,0
H3K4me3_XJ_immune/samples/tcell/McGill0106/problems/chr22:20609431-50364777,1129110,44,0.9944895365679536,1.089501184439695,196,7.160998730166082,1036356,46.75990915222811,4.158323371596427,118.62383489831132,10.89145696857456,375,375,5.0,7.0,3.0,3.0,2.0,1,0
H3K4me3_XJ_immune/samples/tcell/McGill0107/problems/chr15:29209443-82829645,3409626,10,0.9819193487681462,1.091029347108903,105,5.828418951172537,3125147,31.81867657357956,4.384967274120696,35.708708581171344,5.975676412019927,104,104,4.0,7.0,4.0,4.0,3.0,1,0
H3K4me3_XJ_immune/samples/tcell/McGill0107/problems/chr16:46385801-88389383,3605905,273,0.9999580484709684,1.4621205117475518,9321,51.98423253103843,2466217,295.0690218680893,15.686763666518448,263565.8001582444,513.3865991221862,15503,15503,4.0,7.0,5.0,5.0,3.0,1,0
H3K4me3_XJ_immune/samples/tcell/McGill0107/problems/chr17:396626-21566608,1121566,8,0.9845196730479416,1.0876761854148442,85,5.8663688141208095,1031159,17.95031119080783,3.440465200991089,41.351552273453215,6.43051726328864,84,84,5.0,7.0,4.0,4.0,2.0,1,0
H3K4me3_XJ_immune/samples/tcell/McGill0107/problems/chr18:10000-15410898,1101330,48,0.99908240679796,1.1064917841731678,942,6.990722730816528,995336,1626.315604207107,35.85900004020441,798.3687843438764,28.255420441817467,1880,1880,4.0,7.0,5.0,5.0,3.0,1,0
H3K4me3_XJ_immune/samples/tcell/McGill0107/problems/chr18:18510898-52059136,2577923,297,0.9993549774559468,1.108762149221994,1447,6.78775697867613,2325047,4538.04533573036,59.116740653374336,1585.3292816769097,39.81619371156552,4096,4096,4.0,7.0,5.0,5.0,3.0,1,0
H3K4me3_XJ_immune/samples/tcell/McGill0107/problems/chr19:20573415-24631782,546622,9,0.991481293943008,1.1258926346186722,210,11.580646423701651,485502,68.64726509544951,4.160478178018532,82.89934103242908,9.104907524650049,266,266,10.0,15.0,9.0,9.0,5.0,1,0
H3K4me3_XJ_immune/samples/tcell/McGill0107/problems/chr1:30028082-103863906,5239726,11,0.9808494201380654,1.0936853069053976,172,5.995322999417018,4790891,47.89956438130212,4.972191644383961,33.93926979395857,5.825741995141784,183,183,4.0,7.0,5.0,5.0,3.0,1,0
H3K4me3_XJ_immune/samples/tcell/McGill0107/problems/chr21:14338129-42955559,2150915,27,0.972863370820746,1.0925770904299468,176,5.761156683495347,1968663,87.5264983315193,5.646221569662973,23.921475333712703,4.8909585291344175,204,204,4.0,7.0,5.0,5.0,3.0,1,0
H3K4me3_XJ_immune/samples/tcell/McGill0107/problems/chr22:16847850-20509431,206141,459,0.9996774424369088,1.359778098800124,1071,19.94135883905013,151600,531.221754420526,21.70727527400483,47306.5142261219,217.50060741552403,6603,6603,6.0,8.0,4.0,4.0,2.0,1,0
H3K4me3_XJ_immune/samples/tcell/McGill0107/problems/chr22:20609431-50364777,1345229,67,0.991368753536867,1.0863760143167251,232,5.500740143732441,1238273,2448.682229211872,32.257733787123115,76.80792003997364,8.764012781823954,828,828,4.0,6.0,4.0,4.0,2.0,1,0
